StageID,Description,EStageType,SceneName,StageName,WorldIndex,StageIndex,EnterLevel,EEnterCondition,EnterConditionValue,StagePrimeDropItem,StageClearRewardID,NextStageID,StageDialogID,EnemyID1,Level1,HPScale1,IsBoss1,RewardPackageID1,EnemyID2,Level2,HPScale2,IsBoss2,RewardPackageID1,EnemyID3,Level3,HPScale3,IsBoss3,RewardPackageID3,EnemyID4,Level4,HPScale4,IsBoss4,RewardPackageID4,EnemyID5,Level5,HPScale5,IsBoss5,RewardPackageID5,EnemyID6,Level6,HPScale6,IsBoss6,RewardPackageID6,EnemyID7,Level7,HPScale7,IsBoss7,RewardPackageID7,EnemyID8,Level8,HPScale8,IsBoss8,RewardPackageID8,EnemyID9,Level9,HPScale9,IsBoss9,RewardPackageID9,EnemyID10,Level10,HPScale10,IsBoss10,RewardPackageID10
1001001,쉬움 스테이지1,Adventure,SHSceneCombatHarbor,쉬움 스테이지1,1,1,1,None,0,"1000, 1001, 1003",1000,1001002,0,902,94,30,TRUE,1000,301,43,1,,1000,302,45,1,,1000,902,94,30,TRUE,1000,902,94,30,TRUE,1000,,,,,1000,,,,,1000,,,,,1000,,,,,1000,,,,,1000
1001002,쉬움 스테이지2,Adventure,SHSceneCombatHarbor,쉬움 스테이지2,1,2,1,None,0,"1000, 1001, 1003",1000,1001003,0,503,2,5,TRUE,1000,301,2,1,,1000,302,2,1,,1000,,,,,1000,,,,,1000,,,,,1000,,,,,1000,,,,,1000,,,,,1000,,,,,1000
1001003,쉬움 스테이지3,Adventure,SHSceneCombatHarbor,쉬움 스테이지3,1,3,1,None,0,"1000, 1001, 1003",1000,1001004,0,504,3,5,TRUE,1000,301,3,1,,1000,302,3,1,,1000,,,,,1000,,,,,1000,,,,,1000,,,,,1000,,,,,1000,,,,,1000,,,,,1000
1001004,쉬움 스테이지4,Adventure,SHSceneCombatHarbor,쉬움 스테이지4,1,4,1,None,0,"1000, 1001, 1003",1000,1001005,0,505,4,5,TRUE,1000,301,4,1,,1000,302,4,1,,1000,,,,,1000,,,,,1000,,,,,1000,,,,,1000,,,,,1000,,,,,1000,,,,,1000
1001005,쉬움 스테이지5,Adventure,SHSceneCombatHarbor,쉬움 스테이지5,1,5,1,None,0,"1000, 1001, 1003",1000,1001006,0,506,5,5,TRUE,1000,301,5,1,,1000,302,5,1,,1000,,,,,1000,,,,,1000,,,,,1000,,,,,1000,,,,,1000,,,,,1000,,,,,1000
1001006,쉬움 스테이지6,Adventure,SHSceneCombatHarbor,쉬움 스테이지6,1,6,1,None,0,"1000, 1001, 1003",1000,1001007,0,507,6,5,TRUE,1000,301,6,1,,1000,302,6,1,,1000,,,,,1000,,,,,1000,,,,,1000,,,,,1000,,,,,1000,,,,,1000,,,,,1000
1001007,쉬움 스테이지7,Adventure,SHSceneCombatHarbor,쉬움 스테이지7,1,7,1,None,0,"1000, 1001, 1003",1000,1001008,0,508,7,5,TRUE,1000,301,7,1,,1000,302,7,1,,1000,,,,,1000,,,,,1000,,,,,1000,,,,,1000,,,,,1000,,,,,1000,,,,,1000
1001008,쉬움 스테이지8,Adventure,SHSceneCombatHarbor,쉬움 스테이지8,1,8,1,None,0,"1000, 1001, 1003",1000,1001009,0,509,8,5,TRUE,1000,301,8,1,,1000,302,8,1,,1000,,,,,1000,,,,,1000,,,,,1000,,,,,1000,,,,,1000,,,,,1000,,,,,1000
1001009,쉬움 스테이지9,Adventure,SHSceneCombatHarbor,쉬움 스테이지9,1,9,1,None,0,"1000, 1001, 1003",1000,1001010,0,510,9,5,TRUE,1000,301,9,1,,1000,302,9,1,,1000,,,,,1000,,,,,1000,,,,,1000,,,,,1000,,,,,1000,,,,,1000,,,,,1000
1001010,쉬움 스테이지10,Adventure,SHSceneCombatHarbor,쉬움 스테이지10,1,10,1,None,0,"1000, 1001, 1003",1000,1001011,0,701,10,5,TRUE,1000,301,10,1,,1000,302,10,1,,1000,,,,,1000,,,,,1000,,,,,1000,,,,,1000,,,,,1000,,,,,1000,,,,,1000
1001011,쉬움 스테이지11,Adventure,SHSceneCombatHarbor,쉬움 스테이지11,1,11,1,None,0,"1000, 1001, 1003",1000,1001012,0,502,11,5,TRUE,1000,301,11,1,,1000,302,11,1,,1000,,,,,1000,,,,,1000,,,,,1000,,,,,1000,,,,,1000,,,,,1000,,,,,1000
1001012,쉬움 스테이지12,Adventure,SHSceneCombatHarbor,쉬움 스테이지12,1,12,1,None,0,"1000, 1001, 1003",1000,1001013,0,503,12,5,TRUE,1000,301,12,1,,1000,302,12,1,,1000,,,,,1000,,,,,1000,,,,,1000,,,,,1000,,,,,1000,,,,,1000,,,,,1000
1001013,쉬움 스테이지13,Adventure,SHSceneCombatHarbor,쉬움 스테이지13,1,13,1,None,0,"1000, 1001, 1003",1000,1001014,0,504,13,5,TRUE,1000,301,13,1,,1000,302,13,1,,1000,,,,,1000,,,,,1000,,,,,1000,,,,,1000,,,,,1000,,,,,1000,,,,,1000
1001014,쉬움 스테이지14,Adventure,SHSceneCombatHarbor,쉬움 스테이지14,1,14,1,None,0,"1000, 1001, 1003",1000,1001015,0,505,14,5,TRUE,1000,301,14,1,,1000,302,14,1,,1000,,,,,1000,,,,,1000,,,,,1000,,,,,1000,,,,,1000,,,,,1000,,,,,1000
1001015,쉬움 스테이지15,Adventure,SHSceneCombatHarbor,쉬움 스테이지15,1,15,1,None,0,"1000, 1001, 1003",1000,1001016,0,506,15,5,TRUE,1000,301,15,1,,1000,302,15,1,,1000,,,,,1000,,,,,1000,,,,,1000,,,,,1000,,,,,1000,,,,,1000,,,,,1000
1001016,쉬움 스테이지16,Adventure,SHSceneCombatHarbor,쉬움 스테이지16,1,16,1,None,0,"1000, 1001, 1003",1000,1001017,0,507,16,5,TRUE,1000,301,16,1,,1000,302,16,1,,1000,,,,,1000,,,,,1000,,,,,1000,,,,,1000,,,,,1000,,,,,1000,,,,,1000
1001017,쉬움 스테이지17,Adventure,SHSceneCombatHarbor,쉬움 스테이지17,1,17,1,None,0,"1000, 1001, 1003",1000,1001018,0,508,17,5,TRUE,1000,301,17,1,,1000,302,17,1,,1000,,,,,1000,,,,,1000,,,,,1000,,,,,1000,,,,,1000,,,,,1000,,,,,1000
1001018,쉬움 스테이지18,Adventure,SHSceneCombatHarbor,쉬움 스테이지18,1,18,1,None,0,"1000, 1001, 1003",1000,1001019,0,509,18,5,TRUE,1000,301,18,1,,1000,302,18,1,,1000,,,,,1000,,,,,1000,,,,,1000,,,,,1000,,,,,1000,,,,,1000,,,,,1000
1001019,쉬움 스테이지19,Adventure,SHSceneCombatHarbor,쉬움 스테이지19,1,19,1,None,0,"1000, 1001, 1003",1000,1001020,0,510,19,5,TRUE,1000,301,19,1,,1000,302,19,1,,1000,,,,,1000,,,,,1000,,,,,1000,,,,,1000,,,,,1000,,,,,1000,,,,,1000
1001020,쉬움 스테이지20,Adventure,SHSceneCombatHarbor,쉬움 스테이지20,1,20,1,None,0,"1000, 1001, 1003",1000,1001021,0,702,20,5,TRUE,1000,301,20,1,,1000,302,20,1,,1000,,,,,1000,,,,,1000,,,,,1000,,,,,1000,,,,,1000,,,,,1000,,,,,1000
1001021,쉬움 스테이지21,Adventure,SHSceneCombatHarbor,쉬움 스테이지21,1,21,1,None,0,"1000, 1001, 1003",1000,1001022,0,502,21,5,TRUE,1000,301,21,1,,1000,302,21,1,,1000,,,,,1000,,,,,1000,,,,,1000,,,,,1000,,,,,1000,,,,,1000,,,,,1000
1001022,쉬움 스테이지22,Adventure,SHSceneCombatHarbor,쉬움 스테이지22,1,22,1,None,0,"1000, 1001, 1003",1000,1001023,0,503,22,5,TRUE,1000,301,22,1,,1000,302,22,1,,1000,,,,,1000,,,,,1000,,,,,1000,,,,,1000,,,,,1000,,,,,1000,,,,,1000
1001023,쉬움 스테이지23,Adventure,SHSceneCombatHarbor,쉬움 스테이지23,1,23,1,None,0,"1000, 1001, 1003",1000,1001024,0,504,23,5,TRUE,1000,301,23,1,,1000,302,23,1,,1000,,,,,1000,,,,,1000,,,,,1000,,,,,1000,,,,,1000,,,,,1000,,,,,1000
1001024,쉬움 스테이지24,Adventure,SHSceneCombatHarbor,쉬움 스테이지24,1,24,1,None,0,"1000, 1001, 1003",1000,1001025,0,505,24,5,TRUE,1000,301,24,1,,1000,302,24,1,,1000,,,,,1000,,,,,1000,,,,,1000,,,,,1000,,,,,1000,,,,,1000,,,,,1000
1001025,쉬움 스테이지25,Adventure,SHSceneCombatHarbor,쉬움 스테이지25,1,25,1,None,0,"1000, 1001, 1003",1000,1001026,0,506,25,5,TRUE,1000,301,25,1,,1000,302,25,1,,1000,,,,,1000,,,,,1000,,,,,1000,,,,,1000,,,,,1000,,,,,1000,,,,,1000
1001026,쉬움 스테이지26,Adventure,SHSceneCombatHarbor,쉬움 스테이지26,1,26,1,None,0,"1000, 1001, 1003",1000,1001027,0,507,26,5,TRUE,1000,301,26,1,,1000,302,26,1,,1000,,,,,1000,,,,,1000,,,,,1000,,,,,1000,,,,,1000,,,,,1000,,,,,1000
1001027,쉬움 스테이지27,Adventure,SHSceneCombatHarbor,쉬움 스테이지27,1,27,1,None,0,"1000, 1001, 1003",1000,1001028,0,508,27,5,TRUE,1000,301,27,1,,1000,302,27,1,,1000,,,,,1000,,,,,1000,,,,,1000,,,,,1000,,,,,1000,,,,,1000,,,,,1000
1001028,쉬움 스테이지28,Adventure,SHSceneCombatHarbor,쉬움 스테이지28,1,28,1,None,0,"1000, 1001, 1003",1000,1001029,0,509,28,5,TRUE,1000,301,28,1,,1000,302,28,1,,1000,,,,,1000,,,,,1000,,,,,1000,,,,,1000,,,,,1000,,,,,1000,,,,,1000
1001029,쉬움 스테이지29,Adventure,SHSceneCombatHarbor,쉬움 스테이지29,1,29,1,None,0,"1000, 1001, 1003",1000,1001030,0,510,29,5,TRUE,1000,301,29,1,,1000,302,29,1,,1000,,,,,1000,,,,,1000,,,,,1000,,,,,1000,,,,,1000,,,,,1000,,,,,1000
1001030,쉬움 스테이지30,Adventure,SHSceneCombatHarbor,쉬움 스테이지30,1,30,1,None,0,"1000, 1001, 1003",1000,1001031,0,703,30,5,TRUE,1000,301,30,1,,1000,302,30,1,,1000,,,,,1000,,,,,1000,,,,,1000,,,,,1000,,,,,1000,,,,,1000,,,,,1000
1001031,쉬움 스테이지31,Adventure,SHSceneCombatHarbor,쉬움 스테이지31,1,31,1,None,0,"1000, 1001, 1003",1000,1001032,0,502,31,5,TRUE,1000,301,31,1,,1000,302,31,1,,1000,,,,,1000,,,,,1000,,,,,1000,,,,,1000,,,,,1000,,,,,1000,,,,,1000
1001032,쉬움 스테이지32,Adventure,SHSceneCombatHarbor,쉬움 스테이지32,1,32,1,None,0,"1000, 1001, 1003",1000,1001033,0,503,32,5,TRUE,1000,301,32,1,,1000,302,32,1,,1000,,,,,1000,,,,,1000,,,,,1000,,,,,1000,,,,,1000,,,,,1000,,,,,1000
1001033,쉬움 스테이지33,Adventure,SHSceneCombatHarbor,쉬움 스테이지33,1,33,1,None,0,"1000, 1001, 1003",1000,1001034,0,504,33,5,TRUE,1000,301,33,1,,1000,302,33,1,,1000,,,,,1000,,,,,1000,,,,,1000,,,,,1000,,,,,1000,,,,,1000,,,,,1000
1001034,쉬움 스테이지34,Adventure,SHSceneCombatHarbor,쉬움 스테이지34,1,34,1,None,0,"1000, 1001, 1003",1000,1001035,0,505,34,5,TRUE,1000,301,34,1,,1000,302,34,1,,1000,,,,,1000,,,,,1000,,,,,1000,,,,,1000,,,,,1000,,,,,1000,,,,,1000
1001035,쉬움 스테이지35,Adventure,SHSceneCombatHarbor,쉬움 스테이지35,1,35,1,None,0,"1000, 1001, 1003",1000,1001036,0,506,35,5,TRUE,1000,301,35,1,,1000,302,35,1,,1000,,,,,1000,,,,,1000,,,,,1000,,,,,1000,,,,,1000,,,,,1000,,,,,1000
1001036,쉬움 스테이지36,Adventure,SHSceneCombatHarbor,쉬움 스테이지36,1,36,1,None,0,"1000, 1001, 1003",1000,1001037,0,507,36,5,TRUE,1000,301,36,1,,1000,302,36,1,,1000,,,,,1000,,,,,1000,,,,,1000,,,,,1000,,,,,1000,,,,,1000,,,,,1000
1001037,쉬움 스테이지37,Adventure,SHSceneCombatHarbor,쉬움 스테이지37,1,37,1,None,0,"1000, 1001, 1003",1000,1001038,0,508,37,5,TRUE,1000,301,37,1,,1000,302,37,1,,1000,,,,,1000,,,,,1000,,,,,1000,,,,,1000,,,,,1000,,,,,1000,,,,,1000
1001038,쉬움 스테이지38,Adventure,SHSceneCombatHarbor,쉬움 스테이지38,1,38,1,None,0,"1000, 1001, 1003",1000,1001039,0,509,38,5,TRUE,1000,301,38,1,,1000,302,38,1,,1000,,,,,1000,,,,,1000,,,,,1000,,,,,1000,,,,,1000,,,,,1000,,,,,1000
1001039,쉬움 스테이지39,Adventure,SHSceneCombatHarbor,쉬움 스테이지39,1,39,1,None,0,"1000, 1001, 1003",1000,1001040,0,510,39,5,TRUE,1000,301,39,1,,1000,302,39,1,,1000,,,,,1000,,,,,1000,,,,,1000,,,,,1000,,,,,1000,,,,,1000,,,,,1000
1001040,쉬움 스테이지40,Adventure,SHSceneCombatHarbor,쉬움 스테이지40,1,40,1,None,0,"1000, 1001, 1003",1000,1001041,0,704,40,5,TRUE,1000,301,40,1,,1000,302,40,1,,1000,,,,,1000,,,,,1000,,,,,1000,,,,,1000,,,,,1000,,,,,1000,,,,,1000
1001041,쉬움 스테이지41,Adventure,SHSceneCombatHarbor,쉬움 스테이지41,1,41,1,None,0,"1000, 1001, 1003",1000,1001042,0,502,41,5,TRUE,1000,301,41,1,,1000,302,41,1,,1000,,,,,1000,,,,,1000,,,,,1000,,,,,1000,,,,,1000,,,,,1000,,,,,1000
1001042,쉬움 스테이지42,Adventure,SHSceneCombatHarbor,쉬움 스테이지42,1,42,1,None,0,"1000, 1001, 1003",1000,1001043,0,503,42,5,TRUE,1000,301,42,1,,1000,302,42,1,,1000,,,,,1000,,,,,1000,,,,,1000,,,,,1000,,,,,1000,,,,,1000,,,,,1000
1001043,쉬움 스테이지43,Adventure,SHSceneCombatHarbor,쉬움 스테이지43,1,43,1,None,0,"1000, 1001, 1003",1000,1001044,0,504,43,5,TRUE,1000,301,43,1,,1000,302,43,1,,1000,,,,,1000,,,,,1000,,,,,1000,,,,,1000,,,,,1000,,,,,1000,,,,,1000
1001044,쉬움 스테이지44,Adventure,SHSceneCombatHarbor,쉬움 스테이지44,1,44,1,None,0,"1000, 1001, 1003",1000,1001045,0,505,44,5,TRUE,1000,301,44,1,,1000,302,44,1,,1000,,,,,1000,,,,,1000,,,,,1000,,,,,1000,,,,,1000,,,,,1000,,,,,1000
1001045,쉬움 스테이지45,Adventure,SHSceneCombatHarbor,쉬움 스테이지45,1,45,1,None,0,"1000, 1001, 1003",1000,1001046,0,506,45,5,TRUE,1000,301,45,1,,1000,302,45,1,,1000,,,,,1000,,,,,1000,,,,,1000,,,,,1000,,,,,1000,,,,,1000,,,,,1000
1001046,쉬움 스테이지46,Adventure,SHSceneCombatHarbor,쉬움 스테이지46,1,46,1,None,0,"1000, 1001, 1003",1000,1001047,0,507,46,5,TRUE,1000,301,46,1,,1000,302,46,1,,1000,,,,,1000,,,,,1000,,,,,1000,,,,,1000,,,,,1000,,,,,1000,,,,,1000
1001047,쉬움 스테이지47,Adventure,SHSceneCombatHarbor,쉬움 스테이지47,1,47,1,None,0,"1000, 1001, 1003",1000,1001048,0,508,47,5,TRUE,1000,301,47,1,,1000,302,47,1,,1000,,,,,1000,,,,,1000,,,,,1000,,,,,1000,,,,,1000,,,,,1000,,,,,1000
1001048,쉬움 스테이지48,Adventure,SHSceneCombatHarbor,쉬움 스테이지48,1,48,1,None,0,"1000, 1001, 1003",1000,1001049,0,509,48,5,TRUE,1000,301,48,1,,1000,302,48,1,,1000,,,,,1000,,,,,1000,,,,,1000,,,,,1000,,,,,1000,,,,,1000,,,,,1000
1001049,쉬움 스테이지49,Adventure,SHSceneCombatHarbor,쉬움 스테이지49,1,49,1,None,0,"1000, 1001, 1003",1000,1001050,0,510,49,5,TRUE,1000,301,49,1,,1000,302,49,1,,1000,,,,,1000,,,,,1000,,,,,1000,,,,,1000,,,,,1000,,,,,1000,,,,,1000
1001050,쉬움 스테이지50,Adventure,SHSceneCombatHarbor,쉬움 스테이지50,1,50,1,None,0,"1000, 1001, 1003",1000,1001051,0,705,50,5,TRUE,1000,301,50,1,,1000,302,50,1,,1000,,,,,1000,,,,,1000,,,,,1000,,,,,1000,,,,,1000,,,,,1000,,,,,1000
1001051,쉬움 스테이지51,Adventure,SHSceneCombatHarbor,쉬움 스테이지51,1,51,1,None,0,"1000, 1001, 1003",1000,1001052,0,502,51,5,TRUE,1000,301,51,1,,1000,302,51,1,,1000,,,,,1000,,,,,1000,,,,,1000,,,,,1000,,,,,1000,,,,,1000,,,,,1000
1001052,쉬움 스테이지52,Adventure,SHSceneCombatHarbor,쉬움 스테이지52,1,52,1,None,0,"1000, 1001, 1003",1000,1001053,0,503,52,5,TRUE,1000,301,52,1,,1000,302,52,1,,1000,,,,,1000,,,,,1000,,,,,1000,,,,,1000,,,,,1000,,,,,1000,,,,,1000
1001053,쉬움 스테이지53,Adventure,SHSceneCombatHarbor,쉬움 스테이지53,1,53,1,None,0,"1000, 1001, 1003",1000,1001054,0,504,53,5,TRUE,1000,301,53,1,,1000,302,53,1,,1000,,,,,1000,,,,,1000,,,,,1000,,,,,1000,,,,,1000,,,,,1000,,,,,1000
1001054,쉬움 스테이지54,Adventure,SHSceneCombatHarbor,쉬움 스테이지54,1,54,1,None,0,"1000, 1001, 1003",1000,1001055,0,505,54,5,TRUE,1000,301,54,1,,1000,302,54,1,,1000,,,,,1000,,,,,1000,,,,,1000,,,,,1000,,,,,1000,,,,,1000,,,,,1000
1001055,쉬움 스테이지55,Adventure,SHSceneCombatHarbor,쉬움 스테이지55,1,55,1,None,0,"1000, 1001, 1003",1000,1001056,0,506,55,5,TRUE,1000,301,55,1,,1000,302,55,1,,1000,,,,,1000,,,,,1000,,,,,1000,,,,,1000,,,,,1000,,,,,1000,,,,,1000
1001056,쉬움 스테이지56,Adventure,SHSceneCombatHarbor,쉬움 스테이지56,1,56,1,None,0,"1000, 1001, 1003",1000,1001057,0,507,56,5,TRUE,1000,301,56,1,,1000,302,56,1,,1000,,,,,1000,,,,,1000,,,,,1000,,,,,1000,,,,,1000,,,,,1000,,,,,1000
1001057,쉬움 스테이지57,Adventure,SHSceneCombatHarbor,쉬움 스테이지57,1,57,1,None,0,"1000, 1001, 1003",1000,1001058,0,508,57,5,TRUE,1000,301,57,1,,1000,302,57,1,,1000,,,,,1000,,,,,1000,,,,,1000,,,,,1000,,,,,1000,,,,,1000,,,,,1000
1001058,쉬움 스테이지58,Adventure,SHSceneCombatHarbor,쉬움 스테이지58,1,58,1,None,0,"1000, 1001, 1003",1000,1001059,0,509,58,5,TRUE,1000,301,58,1,,1000,302,58,1,,1000,,,,,1000,,,,,1000,,,,,1000,,,,,1000,,,,,1000,,,,,1000,,,,,1000
1001059,쉬움 스테이지59,Adventure,SHSceneCombatHarbor,쉬움 스테이지59,1,59,1,None,0,"1000, 1001, 1003",1000,1001060,0,510,59,5,TRUE,1000,301,59,1,,1000,302,59,1,,1000,,,,,1000,,,,,1000,,,,,1000,,,,,1000,,,,,1000,,,,,1000,,,,,1000
1001060,쉬움 스테이지60,Adventure,SHSceneCombatHarbor,쉬움 스테이지60,1,60,1,None,0,"1000, 1001, 1003",1000,1001061,0,701,60,5,TRUE,1000,301,60,1,,1000,302,60,1,,1000,,,,,1000,,,,,1000,,,,,1000,,,,,1000,,,,,1000,,,,,1000,,,,,1000
1001061,쉬움 스테이지61,Adventure,SHSceneCombatHarbor,쉬움 스테이지61,1,61,1,None,0,"1000, 1001, 1003",1000,1001062,0,502,61,5,TRUE,1000,301,61,1,,1000,302,61,1,,1000,,,,,1000,,,,,1000,,,,,1000,,,,,1000,,,,,1000,,,,,1000,,,,,1000
1001062,쉬움 스테이지62,Adventure,SHSceneCombatHarbor,쉬움 스테이지62,1,62,1,None,0,"1000, 1001, 1003",1000,1001063,0,503,62,5,TRUE,1000,301,62,1,,1000,302,62,1,,1000,,,,,1000,,,,,1000,,,,,1000,,,,,1000,,,,,1000,,,,,1000,,,,,1000
1001063,쉬움 스테이지63,Adventure,SHSceneCombatHarbor,쉬움 스테이지63,1,63,1,None,0,"1000, 1001, 1003",1000,1001064,0,504,63,5,TRUE,1000,301,63,1,,1000,302,63,1,,1000,,,,,1000,,,,,1000,,,,,1000,,,,,1000,,,,,1000,,,,,1000,,,,,1000
1001064,쉬움 스테이지64,Adventure,SHSceneCombatHarbor,쉬움 스테이지64,1,64,1,None,0,"1000, 1001, 1003",1000,1001065,0,505,64,5,TRUE,1000,301,64,1,,1000,302,64,1,,1000,,,,,1000,,,,,1000,,,,,1000,,,,,1000,,,,,1000,,,,,1000,,,,,1000
1001065,쉬움 스테이지65,Adventure,SHSceneCombatHarbor,쉬움 스테이지65,1,65,1,None,0,"1000, 1001, 1003",1000,1001066,0,506,65,5,TRUE,1000,301,65,1,,1000,302,65,1,,1000,,,,,1000,,,,,1000,,,,,1000,,,,,1000,,,,,1000,,,,,1000,,,,,1000
1001066,쉬움 스테이지66,Adventure,SHSceneCombatHarbor,쉬움 스테이지66,1,66,1,None,0,"1000, 1001, 1003",1000,1001067,0,507,66,5,TRUE,1000,301,66,1,,1000,302,66,1,,1000,,,,,1000,,,,,1000,,,,,1000,,,,,1000,,,,,1000,,,,,1000,,,,,1000
1001067,쉬움 스테이지67,Adventure,SHSceneCombatHarbor,쉬움 스테이지67,1,67,1,None,0,"1000, 1001, 1003",1000,1001068,0,508,67,5,TRUE,1000,301,67,1,,1000,302,67,1,,1000,,,,,1000,,,,,1000,,,,,1000,,,,,1000,,,,,1000,,,,,1000,,,,,1000
1001068,쉬움 스테이지68,Adventure,SHSceneCombatHarbor,쉬움 스테이지68,1,68,1,None,0,"1000, 1001, 1003",1000,1001069,0,509,68,5,TRUE,1000,301,68,1,,1000,302,68,1,,1000,,,,,1000,,,,,1000,,,,,1000,,,,,1000,,,,,1000,,,,,1000,,,,,1000
1001069,쉬움 스테이지69,Adventure,SHSceneCombatHarbor,쉬움 스테이지69,1,69,1,None,0,"1000, 1001, 1003",1000,1001070,0,510,69,5,TRUE,1000,301,69,1,,1000,302,69,1,,1000,,,,,1000,,,,,1000,,,,,1000,,,,,1000,,,,,1000,,,,,1000,,,,,1000
1001070,쉬움 스테이지70,Adventure,SHSceneCombatHarbor,쉬움 스테이지70,1,70,1,None,0,"1000, 1001, 1003",1000,1001071,0,702,70,5,TRUE,1000,301,70,1,,1000,302,70,1,,1000,,,,,1000,,,,,1000,,,,,1000,,,,,1000,,,,,1000,,,,,1000,,,,,1000
1001071,쉬움 스테이지71,Adventure,SHSceneCombatHarbor,쉬움 스테이지71,1,71,1,None,0,"1000, 1001, 1003",1000,1001072,0,502,71,5,TRUE,1000,301,71,1,,1000,302,71,1,,1000,,,,,1000,,,,,1000,,,,,1000,,,,,1000,,,,,1000,,,,,1000,,,,,1000
1001072,쉬움 스테이지72,Adventure,SHSceneCombatHarbor,쉬움 스테이지72,1,72,1,None,0,"1000, 1001, 1003",1000,1001073,0,503,72,5,TRUE,1000,301,72,1,,1000,302,72,1,,1000,,,,,1000,,,,,1000,,,,,1000,,,,,1000,,,,,1000,,,,,1000,,,,,1000
1001073,쉬움 스테이지73,Adventure,SHSceneCombatHarbor,쉬움 스테이지73,1,73,1,None,0,"1000, 1001, 1003",1000,1001074,0,504,73,5,TRUE,1000,301,73,1,,1000,302,73,1,,1000,,,,,1000,,,,,1000,,,,,1000,,,,,1000,,,,,1000,,,,,1000,,,,,1000
1001074,쉬움 스테이지74,Adventure,SHSceneCombatHarbor,쉬움 스테이지74,1,74,1,None,0,"1000, 1001, 1003",1000,1001075,0,505,74,5,TRUE,1000,301,74,1,,1000,302,74,1,,1000,,,,,1000,,,,,1000,,,,,1000,,,,,1000,,,,,1000,,,,,1000,,,,,1000
1001075,쉬움 스테이지75,Adventure,SHSceneCombatHarbor,쉬움 스테이지75,1,75,1,None,0,"1000, 1001, 1003",1000,1001076,0,506,75,5,TRUE,1000,301,75,1,,1000,302,75,1,,1000,,,,,1000,,,,,1000,,,,,1000,,,,,1000,,,,,1000,,,,,1000,,,,,1000
1001076,쉬움 스테이지76,Adventure,SHSceneCombatHarbor,쉬움 스테이지76,1,76,1,None,0,"1000, 1001, 1003",1000,1001077,0,507,76,5,TRUE,1000,301,76,1,,1000,302,76,1,,1000,,,,,1000,,,,,1000,,,,,1000,,,,,1000,,,,,1000,,,,,1000,,,,,1000
1001077,쉬움 스테이지77,Adventure,SHSceneCombatHarbor,쉬움 스테이지77,1,77,1,None,0,"1000, 1001, 1003",1000,1001078,0,508,77,5,TRUE,1000,301,77,1,,1000,302,77,1,,1000,,,,,1000,,,,,1000,,,,,1000,,,,,1000,,,,,1000,,,,,1000,,,,,1000
1001078,쉬움 스테이지78,Adventure,SHSceneCombatHarbor,쉬움 스테이지78,1,78,1,None,0,"1000, 1001, 1003",1000,1001079,0,509,78,5,TRUE,1000,301,78,1,,1000,302,78,1,,1000,,,,,1000,,,,,1000,,,,,1000,,,,,1000,,,,,1000,,,,,1000,,,,,1000
1001079,쉬움 스테이지79,Adventure,SHSceneCombatHarbor,쉬움 스테이지79,1,79,1,None,0,"1000, 1001, 1003",1000,1001080,0,510,79,5,TRUE,1000,301,79,1,,1000,302,79,1,,1000,,,,,1000,,,,,1000,,,,,1000,,,,,1000,,,,,1000,,,,,1000,,,,,1000
1001080,쉬움 스테이지80,Adventure,SHSceneCombatHarbor,쉬움 스테이지80,1,80,1,None,0,"1000, 1001, 1003",1000,1001081,0,703,80,5,TRUE,1000,301,80,1,,1000,302,80,1,,1000,,,,,1000,,,,,1000,,,,,1000,,,,,1000,,,,,1000,,,,,1000,,,,,1000
1001081,쉬움 스테이지81,Adventure,SHSceneCombatHarbor,쉬움 스테이지81,1,81,1,None,0,"1000, 1001, 1003",1000,1001082,0,502,81,5,TRUE,1000,301,81,1,,1000,302,81,1,,1000,,,,,1000,,,,,1000,,,,,1000,,,,,1000,,,,,1000,,,,,1000,,,,,1000
1001082,쉬움 스테이지82,Adventure,SHSceneCombatHarbor,쉬움 스테이지82,1,82,1,None,0,"1000, 1001, 1003",1000,1001083,0,503,82,5,TRUE,1000,301,82,1,,1000,302,82,1,,1000,,,,,1000,,,,,1000,,,,,1000,,,,,1000,,,,,1000,,,,,1000,,,,,1000
1001083,쉬움 스테이지83,Adventure,SHSceneCombatHarbor,쉬움 스테이지83,1,83,1,None,0,"1000, 1001, 1003",1000,1001084,0,504,83,5,TRUE,1000,301,83,1,,1000,302,83,1,,1000,,,,,1000,,,,,1000,,,,,1000,,,,,1000,,,,,1000,,,,,1000,,,,,1000
1001084,쉬움 스테이지84,Adventure,SHSceneCombatHarbor,쉬움 스테이지84,1,84,1,None,0,"1000, 1001, 1003",1000,1001085,0,505,84,5,TRUE,1000,301,84,1,,1000,302,84,1,,1000,,,,,1000,,,,,1000,,,,,1000,,,,,1000,,,,,1000,,,,,1000,,,,,1000
1001085,쉬움 스테이지85,Adventure,SHSceneCombatHarbor,쉬움 스테이지85,1,85,1,None,0,"1000, 1001, 1003",1000,1001086,0,506,85,5,TRUE,1000,301,85,1,,1000,302,85,1,,1000,,,,,1000,,,,,1000,,,,,1000,,,,,1000,,,,,1000,,,,,1000,,,,,1000
1001086,쉬움 스테이지86,Adventure,SHSceneCombatHarbor,쉬움 스테이지86,1,86,1,None,0,"1000, 1001, 1003",1000,1001087,0,507,86,5,TRUE,1000,301,86,1,,1000,302,86,1,,1000,,,,,1000,,,,,1000,,,,,1000,,,,,1000,,,,,1000,,,,,1000,,,,,1000
1001087,쉬움 스테이지87,Adventure,SHSceneCombatHarbor,쉬움 스테이지87,1,87,1,None,0,"1000, 1001, 1003",1000,1001088,0,508,87,5,TRUE,1000,301,87,1,,1000,302,87,1,,1000,,,,,1000,,,,,1000,,,,,1000,,,,,1000,,,,,1000,,,,,1000,,,,,1000
1001088,쉬움 스테이지88,Adventure,SHSceneCombatHarbor,쉬움 스테이지88,1,88,1,None,0,"1000, 1001, 1003",1000,1001089,0,509,88,5,TRUE,1000,301,88,1,,1000,302,88,1,,1000,,,,,1000,,,,,1000,,,,,1000,,,,,1000,,,,,1000,,,,,1000,,,,,1000
1001089,쉬움 스테이지89,Adventure,SHSceneCombatHarbor,쉬움 스테이지89,1,89,1,None,0,"1000, 1001, 1003",1000,1001090,0,510,89,5,TRUE,1000,301,89,1,,1000,302,89,1,,1000,,,,,1000,,,,,1000,,,,,1000,,,,,1000,,,,,1000,,,,,1000,,,,,1000
1001090,쉬움 스테이지90,Adventure,SHSceneCombatHarbor,쉬움 스테이지90,1,90,1,None,0,"1000, 1001, 1003",1000,1001091,0,704,90,5,TRUE,1000,301,90,1,,1000,302,90,1,,1000,,,,,1000,,,,,1000,,,,,1000,,,,,1000,,,,,1000,,,,,1000,,,,,1000
1001091,쉬움 스테이지91,Adventure,SHSceneCombatHarbor,쉬움 스테이지91,1,91,1,None,0,"1000, 1001, 1003",1000,1001092,0,502,91,5,TRUE,1000,301,91,1,,1000,302,91,1,,1000,,,,,1000,,,,,1000,,,,,1000,,,,,1000,,,,,1000,,,,,1000,,,,,1000
1001092,쉬움 스테이지92,Adventure,SHSceneCombatHarbor,쉬움 스테이지92,1,92,1,None,0,"1000, 1001, 1003",1000,1001093,0,503,92,5,TRUE,1000,301,92,1,,1000,302,92,1,,1000,,,,,1000,,,,,1000,,,,,1000,,,,,1000,,,,,1000,,,,,1000,,,,,1000
1001093,쉬움 스테이지93,Adventure,SHSceneCombatHarbor,쉬움 스테이지93,1,93,1,None,0,"1000, 1001, 1003",1000,1001094,0,504,93,5,TRUE,1000,301,93,1,,1000,302,93,1,,1000,,,,,1000,,,,,1000,,,,,1000,,,,,1000,,,,,1000,,,,,1000,,,,,1000
1001094,쉬움 스테이지94,Adventure,SHSceneCombatHarbor,쉬움 스테이지94,1,94,1,None,0,"1000, 1001, 1003",1000,1001095,0,505,94,5,TRUE,1000,301,94,1,,1000,302,94,1,,1000,,,,,1000,,,,,1000,,,,,1000,,,,,1000,,,,,1000,,,,,1000,,,,,1000
1001095,쉬움 스테이지95,Adventure,SHSceneCombatHarbor,쉬움 스테이지95,1,95,1,None,0,"1000, 1001, 1003",1000,1001096,0,506,95,5,TRUE,1000,301,95,1,,1000,302,95,1,,1000,,,,,1000,,,,,1000,,,,,1000,,,,,1000,,,,,1000,,,,,1000,,,,,1000
1001096,쉬움 스테이지96,Adventure,SHSceneCombatHarbor,쉬움 스테이지96,1,96,1,None,0,"1000, 1001, 1003",1000,1001097,0,507,96,5,TRUE,1000,301,96,1,,1000,302,96,1,,1000,,,,,1000,,,,,1000,,,,,1000,,,,,1000,,,,,1000,,,,,1000,,,,,1000
1001097,쉬움 스테이지97,Adventure,SHSceneCombatHarbor,쉬움 스테이지97,1,97,1,None,0,"1000, 1001, 1003",1000,1001098,0,508,97,5,TRUE,1000,301,97,1,,1000,302,97,1,,1000,,,,,1000,,,,,1000,,,,,1000,,,,,1000,,,,,1000,,,,,1000,,,,,1000
1001098,쉬움 스테이지98,Adventure,SHSceneCombatHarbor,쉬움 스테이지98,1,98,1,None,0,"1000, 1001, 1003",1000,1001099,0,509,98,5,TRUE,1000,301,98,1,,1000,302,98,1,,1000,,,,,1000,,,,,1000,,,,,1000,,,,,1000,,,,,1000,,,,,1000,,,,,1000
1001099,쉬움 스테이지99,Adventure,SHSceneCombatHarbor,쉬움 스테이지99,1,99,1,None,0,"1000, 1001, 1003",1000,1001100,0,510,99,5,TRUE,1000,301,99,1,,1000,302,99,1,,1000,,,,,1000,,,,,1000,,,,,1000,,,,,1000,,,,,1000,,,,,1000,,,,,1000
1001100,쉬움 스테이지100,Adventure,SHSceneCombatHarbor,쉬움 스테이지100,1,100,1,None,0,"1000, 1001, 1003",1000,0,0,902,100,5,TRUE,1000,301,100,1,,1000,302,100,1,,1000,,,,,1000,,,,,1000,,,,,1000,,,,,1000,,,,,1000,,,,,1000,,,,,1000
1002001,보통 스테이지1,Adventure,SHSceneCombatHarbor,보통 스테이지1,1,1,1,None,0,"1000, 1001, 1003",1000,1002002,0,502,101,5,TRUE,1000,301,101,1,,1000,302,101,1,,1000,,,,,1000,,,,,1000,,,,,1000,,,,,1000,,,,,1000,,,,,1000,,,,,1000
1002002,보통 스테이지2,Adventure,SHSceneCombatHarbor,보통 스테이지2,1,2,1,None,0,"1000, 1001, 1003",1000,1002003,0,503,102,5,TRUE,1000,301,102,1,,1000,302,102,1,,1000,,,,,1000,,,,,1000,,,,,1000,,,,,1000,,,,,1000,,,,,1000,,,,,1000
1002003,보통 스테이지3,Adventure,SHSceneCombatHarbor,보통 스테이지3,1,3,1,None,0,"1000, 1001, 1003",1000,1002004,0,504,103,5,TRUE,1000,301,103,1,,1000,302,103,1,,1000,,,,,1000,,,,,1000,,,,,1000,,,,,1000,,,,,1000,,,,,1000,,,,,1000
1002004,보통 스테이지4,Adventure,SHSceneCombatHarbor,보통 스테이지4,1,4,1,None,0,"1000, 1001, 1003",1000,1002005,0,505,104,5,TRUE,1000,301,104,1,,1000,302,104,1,,1000,,,,,1000,,,,,1000,,,,,1000,,,,,1000,,,,,1000,,,,,1000,,,,,1000
1002005,보통 스테이지5,Adventure,SHSceneCombatHarbor,보통 스테이지5,1,5,1,None,0,"1000, 1001, 1003",1000,1002006,0,506,105,5,TRUE,1000,301,105,1,,1000,302,105,1,,1000,,,,,1000,,,,,1000,,,,,1000,,,,,1000,,,,,1000,,,,,1000,,,,,1000
1002006,보통 스테이지6,Adventure,SHSceneCombatHarbor,보통 스테이지6,1,6,1,None,0,"1000, 1001, 1003",1000,1002007,0,507,106,5,TRUE,1000,301,106,1,,1000,302,106,1,,1000,,,,,1000,,,,,1000,,,,,1000,,,,,1000,,,,,1000,,,,,1000,,,,,1000
1002007,보통 스테이지7,Adventure,SHSceneCombatHarbor,보통 스테이지7,1,7,1,None,0,"1000, 1001, 1003",1000,1002008,0,508,107,5,TRUE,1000,301,107,1,,1000,302,107,1,,1000,,,,,1000,,,,,1000,,,,,1000,,,,,1000,,,,,1000,,,,,1000,,,,,1000
1002008,보통 스테이지8,Adventure,SHSceneCombatHarbor,보통 스테이지8,1,8,1,None,0,"1000, 1001, 1003",1000,1002009,0,509,108,5,TRUE,1000,301,108,1,,1000,302,108,1,,1000,,,,,1000,,,,,1000,,,,,1000,,,,,1000,,,,,1000,,,,,1000,,,,,1000
1002009,보통 스테이지9,Adventure,SHSceneCombatHarbor,보통 스테이지9,1,9,1,None,0,"1000, 1001, 1003",1000,1002010,0,510,109,5,TRUE,1000,301,109,1,,1000,302,109,1,,1000,,,,,1000,,,,,1000,,,,,1000,,,,,1000,,,,,1000,,,,,1000,,,,,1000
1002010,보통 스테이지10,Adventure,SHSceneCombatHarbor,보통 스테이지10,1,10,1,None,0,"1000, 1001, 1003",1000,1002011,0,701,110,5,TRUE,1000,301,110,1,,1000,302,110,1,,1000,,,,,1000,,,,,1000,,,,,1000,,,,,1000,,,,,1000,,,,,1000,,,,,1000
1002011,보통 스테이지11,Adventure,SHSceneCombatHarbor,보통 스테이지11,1,11,1,None,0,"1000, 1001, 1003",1000,1002012,0,502,111,5,TRUE,1000,301,111,1,,1000,302,111,1,,1000,,,,,1000,,,,,1000,,,,,1000,,,,,1000,,,,,1000,,,,,1000,,,,,1000
1002012,보통 스테이지12,Adventure,SHSceneCombatHarbor,보통 스테이지12,1,12,1,None,0,"1000, 1001, 1003",1000,1002013,0,503,112,5,TRUE,1000,301,112,1,,1000,302,112,1,,1000,,,,,1000,,,,,1000,,,,,1000,,,,,1000,,,,,1000,,,,,1000,,,,,1000
1002013,보통 스테이지13,Adventure,SHSceneCombatHarbor,보통 스테이지13,1,13,1,None,0,"1000, 1001, 1003",1000,1002014,0,504,113,5,TRUE,1000,301,113,1,,1000,302,113,1,,1000,,,,,1000,,,,,1000,,,,,1000,,,,,1000,,,,,1000,,,,,1000,,,,,1000
1002014,보통 스테이지14,Adventure,SHSceneCombatHarbor,보통 스테이지14,1,14,1,None,0,"1000, 1001, 1003",1000,1002015,0,505,114,5,TRUE,1000,301,114,1,,1000,302,114,1,,1000,,,,,1000,,,,,1000,,,,,1000,,,,,1000,,,,,1000,,,,,1000,,,,,1000
1002015,보통 스테이지15,Adventure,SHSceneCombatHarbor,보통 스테이지15,1,15,1,None,0,"1000, 1001, 1003",1000,1002016,0,506,115,5,TRUE,1000,301,115,1,,1000,302,115,1,,1000,,,,,1000,,,,,1000,,,,,1000,,,,,1000,,,,,1000,,,,,1000,,,,,1000
1002016,보통 스테이지16,Adventure,SHSceneCombatHarbor,보통 스테이지16,1,16,1,None,0,"1000, 1001, 1003",1000,1002017,0,507,116,5,TRUE,1000,301,116,1,,1000,302,116,1,,1000,,,,,1000,,,,,1000,,,,,1000,,,,,1000,,,,,1000,,,,,1000,,,,,1000
1002017,보통 스테이지17,Adventure,SHSceneCombatHarbor,보통 스테이지17,1,17,1,None,0,"1000, 1001, 1003",1000,1002018,0,508,117,5,TRUE,1000,301,117,1,,1000,302,117,1,,1000,,,,,1000,,,,,1000,,,,,1000,,,,,1000,,,,,1000,,,,,1000,,,,,1000
1002018,보통 스테이지18,Adventure,SHSceneCombatHarbor,보통 스테이지18,1,18,1,None,0,"1000, 1001, 1003",1000,1002019,0,509,118,5,TRUE,1000,301,118,1,,1000,302,118,1,,1000,,,,,1000,,,,,1000,,,,,1000,,,,,1000,,,,,1000,,,,,1000,,,,,1000
1002019,보통 스테이지19,Adventure,SHSceneCombatHarbor,보통 스테이지19,1,19,1,None,0,"1000, 1001, 1003",1000,1002020,0,510,119,5,TRUE,1000,301,119,1,,1000,302,119,1,,1000,,,,,1000,,,,,1000,,,,,1000,,,,,1000,,,,,1000,,,,,1000,,,,,1000
1002020,보통 스테이지20,Adventure,SHSceneCombatHarbor,보통 스테이지20,1,20,1,None,0,"1000, 1001, 1003",1000,1002021,0,702,120,5,TRUE,1000,301,120,1,,1000,302,120,1,,1000,,,,,1000,,,,,1000,,,,,1000,,,,,1000,,,,,1000,,,,,1000,,,,,1000
1002021,보통 스테이지21,Adventure,SHSceneCombatHarbor,보통 스테이지21,1,21,1,None,0,"1000, 1001, 1003",1000,1002022,0,502,121,5,TRUE,1000,301,121,1,,1000,302,121,1,,1000,,,,,1000,,,,,1000,,,,,1000,,,,,1000,,,,,1000,,,,,1000,,,,,1000
1002022,보통 스테이지22,Adventure,SHSceneCombatHarbor,보통 스테이지22,1,22,1,None,0,"1000, 1001, 1003",1000,1002023,0,503,122,5,TRUE,1000,301,122,1,,1000,302,122,1,,1000,,,,,1000,,,,,1000,,,,,1000,,,,,1000,,,,,1000,,,,,1000,,,,,1000
1002023,보통 스테이지23,Adventure,SHSceneCombatHarbor,보통 스테이지23,1,23,1,None,0,"1000, 1001, 1003",1000,1002024,0,504,123,5,TRUE,1000,301,123,1,,1000,302,123,1,,1000,,,,,1000,,,,,1000,,,,,1000,,,,,1000,,,,,1000,,,,,1000,,,,,1000
1002024,보통 스테이지24,Adventure,SHSceneCombatHarbor,보통 스테이지24,1,24,1,None,0,"1000, 1001, 1003",1000,1002025,0,505,124,5,TRUE,1000,301,124,1,,1000,302,124,1,,1000,,,,,1000,,,,,1000,,,,,1000,,,,,1000,,,,,1000,,,,,1000,,,,,1000
1002025,보통 스테이지25,Adventure,SHSceneCombatHarbor,보통 스테이지25,1,25,1,None,0,"1000, 1001, 1003",1000,1002026,0,506,125,5,TRUE,1000,301,125,1,,1000,302,125,1,,1000,,,,,1000,,,,,1000,,,,,1000,,,,,1000,,,,,1000,,,,,1000,,,,,1000
1002026,보통 스테이지26,Adventure,SHSceneCombatHarbor,보통 스테이지26,1,26,1,None,0,"1000, 1001, 1003",1000,1002027,0,507,126,5,TRUE,1000,301,126,1,,1000,302,126,1,,1000,,,,,1000,,,,,1000,,,,,1000,,,,,1000,,,,,1000,,,,,1000,,,,,1000
1002027,보통 스테이지27,Adventure,SHSceneCombatHarbor,보통 스테이지27,1,27,1,None,0,"1000, 1001, 1003",1000,1002028,0,508,127,5,TRUE,1000,301,127,1,,1000,302,127,1,,1000,,,,,1000,,,,,1000,,,,,1000,,,,,1000,,,,,1000,,,,,1000,,,,,1000
1002028,보통 스테이지28,Adventure,SHSceneCombatHarbor,보통 스테이지28,1,28,1,None,0,"1000, 1001, 1003",1000,1002029,0,509,128,5,TRUE,1000,301,128,1,,1000,302,128,1,,1000,,,,,1000,,,,,1000,,,,,1000,,,,,1000,,,,,1000,,,,,1000,,,,,1000
1002029,보통 스테이지29,Adventure,SHSceneCombatHarbor,보통 스테이지29,1,29,1,None,0,"1000, 1001, 1003",1000,1002030,0,510,129,5,TRUE,1000,301,129,1,,1000,302,129,1,,1000,,,,,1000,,,,,1000,,,,,1000,,,,,1000,,,,,1000,,,,,1000,,,,,1000
1002030,보통 스테이지30,Adventure,SHSceneCombatHarbor,보통 스테이지30,1,30,1,None,0,"1000, 1001, 1003",1000,1002031,0,703,130,5,TRUE,1000,301,130,1,,1000,302,130,1,,1000,,,,,1000,,,,,1000,,,,,1000,,,,,1000,,,,,1000,,,,,1000,,,,,1000
1002031,보통 스테이지31,Adventure,SHSceneCombatHarbor,보통 스테이지31,1,31,1,None,0,"1000, 1001, 1003",1000,1002032,0,502,131,5,TRUE,1000,301,131,1,,1000,302,131,1,,1000,,,,,1000,,,,,1000,,,,,1000,,,,,1000,,,,,1000,,,,,1000,,,,,1000
1002032,보통 스테이지32,Adventure,SHSceneCombatHarbor,보통 스테이지32,1,32,1,None,0,"1000, 1001, 1003",1000,1002033,0,503,132,5,TRUE,1000,301,132,1,,1000,302,132,1,,1000,,,,,1000,,,,,1000,,,,,1000,,,,,1000,,,,,1000,,,,,1000,,,,,1000
1002033,보통 스테이지33,Adventure,SHSceneCombatHarbor,보통 스테이지33,1,33,1,None,0,"1000, 1001, 1003",1000,1002034,0,504,133,5,TRUE,1000,301,133,1,,1000,302,133,1,,1000,,,,,1000,,,,,1000,,,,,1000,,,,,1000,,,,,1000,,,,,1000,,,,,1000
1002034,보통 스테이지34,Adventure,SHSceneCombatHarbor,보통 스테이지34,1,34,1,None,0,"1000, 1001, 1003",1000,1002035,0,505,134,5,TRUE,1000,301,134,1,,1000,302,134,1,,1000,,,,,1000,,,,,1000,,,,,1000,,,,,1000,,,,,1000,,,,,1000,,,,,1000
1002035,보통 스테이지35,Adventure,SHSceneCombatHarbor,보통 스테이지35,1,35,1,None,0,"1000, 1001, 1003",1000,1002036,0,506,135,5,TRUE,1000,301,135,1,,1000,302,135,1,,1000,,,,,1000,,,,,1000,,,,,1000,,,,,1000,,,,,1000,,,,,1000,,,,,1000
1002036,보통 스테이지36,Adventure,SHSceneCombatHarbor,보통 스테이지36,1,36,1,None,0,"1000, 1001, 1003",1000,1002037,0,507,136,5,TRUE,1000,301,136,1,,1000,302,136,1,,1000,,,,,1000,,,,,1000,,,,,1000,,,,,1000,,,,,1000,,,,,1000,,,,,1000
1002037,보통 스테이지37,Adventure,SHSceneCombatHarbor,보통 스테이지37,1,37,1,None,0,"1000, 1001, 1003",1000,1002038,0,508,137,5,TRUE,1000,301,137,1,,1000,302,137,1,,1000,,,,,1000,,,,,1000,,,,,1000,,,,,1000,,,,,1000,,,,,1000,,,,,1000
1002038,보통 스테이지38,Adventure,SHSceneCombatHarbor,보통 스테이지38,1,38,1,None,0,"1000, 1001, 1003",1000,1002039,0,509,138,5,TRUE,1000,301,138,1,,1000,302,138,1,,1000,,,,,1000,,,,,1000,,,,,1000,,,,,1000,,,,,1000,,,,,1000,,,,,1000
1002039,보통 스테이지39,Adventure,SHSceneCombatHarbor,보통 스테이지39,1,39,1,None,0,"1000, 1001, 1003",1000,1002040,0,510,139,5,TRUE,1000,301,139,1,,1000,302,139,1,,1000,,,,,1000,,,,,1000,,,,,1000,,,,,1000,,,,,1000,,,,,1000,,,,,1000
1002040,보통 스테이지40,Adventure,SHSceneCombatHarbor,보통 스테이지40,1,40,1,None,0,"1000, 1001, 1003",1000,1002041,0,704,140,5,TRUE,1000,301,140,1,,1000,302,140,1,,1000,,,,,1000,,,,,1000,,,,,1000,,,,,1000,,,,,1000,,,,,1000,,,,,1000
1002041,보통 스테이지41,Adventure,SHSceneCombatHarbor,보통 스테이지41,1,41,1,None,0,"1000, 1001, 1003",1000,1002042,0,502,141,5,TRUE,1000,301,141,1,,1000,302,141,1,,1000,,,,,1000,,,,,1000,,,,,1000,,,,,1000,,,,,1000,,,,,1000,,,,,1000
1002042,보통 스테이지42,Adventure,SHSceneCombatHarbor,보통 스테이지42,1,42,1,None,0,"1000, 1001, 1003",1000,1002043,0,503,142,5,TRUE,1000,301,142,1,,1000,302,142,1,,1000,,,,,1000,,,,,1000,,,,,1000,,,,,1000,,,,,1000,,,,,1000,,,,,1000
1002043,보통 스테이지43,Adventure,SHSceneCombatHarbor,보통 스테이지43,1,43,1,None,0,"1000, 1001, 1003",1000,1002044,0,504,143,5,TRUE,1000,301,143,1,,1000,302,143,1,,1000,,,,,1000,,,,,1000,,,,,1000,,,,,1000,,,,,1000,,,,,1000,,,,,1000
1002044,보통 스테이지44,Adventure,SHSceneCombatHarbor,보통 스테이지44,1,44,1,None,0,"1000, 1001, 1003",1000,1002045,0,505,144,5,TRUE,1000,301,144,1,,1000,302,144,1,,1000,,,,,1000,,,,,1000,,,,,1000,,,,,1000,,,,,1000,,,,,1000,,,,,1000
1002045,보통 스테이지45,Adventure,SHSceneCombatHarbor,보통 스테이지45,1,45,1,None,0,"1000, 1001, 1003",1000,1002046,0,506,145,5,TRUE,1000,301,145,1,,1000,302,145,1,,1000,,,,,1000,,,,,1000,,,,,1000,,,,,1000,,,,,1000,,,,,1000,,,,,1000
1002046,보통 스테이지46,Adventure,SHSceneCombatHarbor,보통 스테이지46,1,46,1,None,0,"1000, 1001, 1003",1000,1002047,0,507,146,5,TRUE,1000,301,146,1,,1000,302,146,1,,1000,,,,,1000,,,,,1000,,,,,1000,,,,,1000,,,,,1000,,,,,1000,,,,,1000
1002047,보통 스테이지47,Adventure,SHSceneCombatHarbor,보통 스테이지47,1,47,1,None,0,"1000, 1001, 1003",1000,1002048,0,508,147,5,TRUE,1000,301,147,1,,1000,302,147,1,,1000,,,,,1000,,,,,1000,,,,,1000,,,,,1000,,,,,1000,,,,,1000,,,,,1000
1002048,보통 스테이지48,Adventure,SHSceneCombatHarbor,보통 스테이지48,1,48,1,None,0,"1000, 1001, 1003",1000,1002049,0,509,148,5,TRUE,1000,301,148,1,,1000,302,148,1,,1000,,,,,1000,,,,,1000,,,,,1000,,,,,1000,,,,,1000,,,,,1000,,,,,1000
1002049,보통 스테이지49,Adventure,SHSceneCombatHarbor,보통 스테이지49,1,49,1,None,0,"1000, 1001, 1003",1000,1002050,0,510,149,5,TRUE,1000,301,149,1,,1000,302,149,1,,1000,,,,,1000,,,,,1000,,,,,1000,,,,,1000,,,,,1000,,,,,1000,,,,,1000
1002050,보통 스테이지50,Adventure,SHSceneCombatHarbor,보통 스테이지50,1,50,1,None,0,"1000, 1001, 1003",1000,1002051,0,705,150,5,TRUE,1000,301,150,1,,1000,302,150,1,,1000,,,,,1000,,,,,1000,,,,,1000,,,,,1000,,,,,1000,,,,,1000,,,,,1000
1002051,보통 스테이지51,Adventure,SHSceneCombatHarbor,보통 스테이지51,1,51,1,None,0,"1000, 1001, 1003",1000,1002052,0,502,151,5,TRUE,1000,301,151,1,,1000,302,151,1,,1000,,,,,1000,,,,,1000,,,,,1000,,,,,1000,,,,,1000,,,,,1000,,,,,1000
1002052,보통 스테이지52,Adventure,SHSceneCombatHarbor,보통 스테이지52,1,52,1,None,0,"1000, 1001, 1003",1000,1002053,0,503,152,5,TRUE,1000,301,152,1,,1000,302,152,1,,1000,,,,,1000,,,,,1000,,,,,1000,,,,,1000,,,,,1000,,,,,1000,,,,,1000
1002053,보통 스테이지53,Adventure,SHSceneCombatHarbor,보통 스테이지53,1,53,1,None,0,"1000, 1001, 1003",1000,1002054,0,504,153,5,TRUE,1000,301,153,1,,1000,302,153,1,,1000,,,,,1000,,,,,1000,,,,,1000,,,,,1000,,,,,1000,,,,,1000,,,,,1000
1002054,보통 스테이지54,Adventure,SHSceneCombatHarbor,보통 스테이지54,1,54,1,None,0,"1000, 1001, 1003",1000,1002055,0,505,154,5,TRUE,1000,301,154,1,,1000,302,154,1,,1000,,,,,1000,,,,,1000,,,,,1000,,,,,1000,,,,,1000,,,,,1000,,,,,1000
1002055,보통 스테이지55,Adventure,SHSceneCombatHarbor,보통 스테이지55,1,55,1,None,0,"1000, 1001, 1003",1000,1002056,0,506,155,5,TRUE,1000,301,155,1,,1000,302,155,1,,1000,,,,,1000,,,,,1000,,,,,1000,,,,,1000,,,,,1000,,,,,1000,,,,,1000
1002056,보통 스테이지56,Adventure,SHSceneCombatHarbor,보통 스테이지56,1,56,1,None,0,"1000, 1001, 1003",1000,1002057,0,507,156,5,TRUE,1000,301,156,1,,1000,302,156,1,,1000,,,,,1000,,,,,1000,,,,,1000,,,,,1000,,,,,1000,,,,,1000,,,,,1000
1002057,보통 스테이지57,Adventure,SHSceneCombatHarbor,보통 스테이지57,1,57,1,None,0,"1000, 1001, 1003",1000,1002058,0,508,157,5,TRUE,1000,301,157,1,,1000,302,157,1,,1000,,,,,1000,,,,,1000,,,,,1000,,,,,1000,,,,,1000,,,,,1000,,,,,1000
1002058,보통 스테이지58,Adventure,SHSceneCombatHarbor,보통 스테이지58,1,58,1,None,0,"1000, 1001, 1003",1000,1002059,0,509,158,5,TRUE,1000,301,158,1,,1000,302,158,1,,1000,,,,,1000,,,,,1000,,,,,1000,,,,,1000,,,,,1000,,,,,1000,,,,,1000
1002059,보통 스테이지59,Adventure,SHSceneCombatHarbor,보통 스테이지59,1,59,1,None,0,"1000, 1001, 1003",1000,1002060,0,510,159,5,TRUE,1000,301,159,1,,1000,302,159,1,,1000,,,,,1000,,,,,1000,,,,,1000,,,,,1000,,,,,1000,,,,,1000,,,,,1000
1002060,보통 스테이지60,Adventure,SHSceneCombatHarbor,보통 스테이지60,1,60,1,None,0,"1000, 1001, 1003",1000,1002061,0,701,160,5,TRUE,1000,301,160,1,,1000,302,160,1,,1000,,,,,1000,,,,,1000,,,,,1000,,,,,1000,,,,,1000,,,,,1000,,,,,1000
1002061,보통 스테이지61,Adventure,SHSceneCombatHarbor,보통 스테이지61,1,61,1,None,0,"1000, 1001, 1003",1000,1002062,0,502,161,5,TRUE,1000,301,161,1,,1000,302,161,1,,1000,,,,,1000,,,,,1000,,,,,1000,,,,,1000,,,,,1000,,,,,1000,,,,,1000
1002062,보통 스테이지62,Adventure,SHSceneCombatHarbor,보통 스테이지62,1,62,1,None,0,"1000, 1001, 1003",1000,1002063,0,503,162,5,TRUE,1000,301,162,1,,1000,302,162,1,,1000,,,,,1000,,,,,1000,,,,,1000,,,,,1000,,,,,1000,,,,,1000,,,,,1000
1002063,보통 스테이지63,Adventure,SHSceneCombatHarbor,보통 스테이지63,1,63,1,None,0,"1000, 1001, 1003",1000,1002064,0,504,163,5,TRUE,1000,301,163,1,,1000,302,163,1,,1000,,,,,1000,,,,,1000,,,,,1000,,,,,1000,,,,,1000,,,,,1000,,,,,1000
1002064,보통 스테이지64,Adventure,SHSceneCombatHarbor,보통 스테이지64,1,64,1,None,0,"1000, 1001, 1003",1000,1002065,0,505,164,5,TRUE,1000,301,164,1,,1000,302,164,1,,1000,,,,,1000,,,,,1000,,,,,1000,,,,,1000,,,,,1000,,,,,1000,,,,,1000
1002065,보통 스테이지65,Adventure,SHSceneCombatHarbor,보통 스테이지65,1,65,1,None,0,"1000, 1001, 1003",1000,1002066,0,506,165,5,TRUE,1000,301,165,1,,1000,302,165,1,,1000,,,,,1000,,,,,1000,,,,,1000,,,,,1000,,,,,1000,,,,,1000,,,,,1000
1002066,보통 스테이지66,Adventure,SHSceneCombatHarbor,보통 스테이지66,1,66,1,None,0,"1000, 1001, 1003",1000,1002067,0,507,166,5,TRUE,1000,301,166,1,,1000,302,166,1,,1000,,,,,1000,,,,,1000,,,,,1000,,,,,1000,,,,,1000,,,,,1000,,,,,1000
1002067,보통 스테이지67,Adventure,SHSceneCombatHarbor,보통 스테이지67,1,67,1,None,0,"1000, 1001, 1003",1000,1002068,0,508,167,5,TRUE,1000,301,167,1,,1000,302,167,1,,1000,,,,,1000,,,,,1000,,,,,1000,,,,,1000,,,,,1000,,,,,1000,,,,,1000
1002068,보통 스테이지68,Adventure,SHSceneCombatHarbor,보통 스테이지68,1,68,1,None,0,"1000, 1001, 1003",1000,1002069,0,509,168,5,TRUE,1000,301,168,1,,1000,302,168,1,,1000,,,,,1000,,,,,1000,,,,,1000,,,,,1000,,,,,1000,,,,,1000,,,,,1000
1002069,보통 스테이지69,Adventure,SHSceneCombatHarbor,보통 스테이지69,1,69,1,None,0,"1000, 1001, 1003",1000,1002070,0,510,169,5,TRUE,1000,301,169,1,,1000,302,169,1,,1000,,,,,1000,,,,,1000,,,,,1000,,,,,1000,,,,,1000,,,,,1000,,,,,1000
1002070,보통 스테이지70,Adventure,SHSceneCombatHarbor,보통 스테이지70,1,70,1,None,0,"1000, 1001, 1003",1000,1002071,0,702,170,5,TRUE,1000,301,170,1,,1000,302,170,1,,1000,,,,,1000,,,,,1000,,,,,1000,,,,,1000,,,,,1000,,,,,1000,,,,,1000
1002071,보통 스테이지71,Adventure,SHSceneCombatHarbor,보통 스테이지71,1,71,1,None,0,"1000, 1001, 1003",1000,1002072,0,502,171,5,TRUE,1000,301,171,1,,1000,302,171,1,,1000,,,,,1000,,,,,1000,,,,,1000,,,,,1000,,,,,1000,,,,,1000,,,,,1000
1002072,보통 스테이지72,Adventure,SHSceneCombatHarbor,보통 스테이지72,1,72,1,None,0,"1000, 1001, 1003",1000,1002073,0,503,172,5,TRUE,1000,301,172,1,,1000,302,172,1,,1000,,,,,1000,,,,,1000,,,,,1000,,,,,1000,,,,,1000,,,,,1000,,,,,1000
1002073,보통 스테이지73,Adventure,SHSceneCombatHarbor,보통 스테이지73,1,73,1,None,0,"1000, 1001, 1003",1000,1002074,0,504,173,5,TRUE,1000,301,173,1,,1000,302,173,1,,1000,,,,,1000,,,,,1000,,,,,1000,,,,,1000,,,,,1000,,,,,1000,,,,,1000
1002074,보통 스테이지74,Adventure,SHSceneCombatHarbor,보통 스테이지74,1,74,1,None,0,"1000, 1001, 1003",1000,1002075,0,505,174,5,TRUE,1000,301,174,1,,1000,302,174,1,,1000,,,,,1000,,,,,1000,,,,,1000,,,,,1000,,,,,1000,,,,,1000,,,,,1000
1002075,보통 스테이지75,Adventure,SHSceneCombatHarbor,보통 스테이지75,1,75,1,None,0,"1000, 1001, 1003",1000,1002076,0,506,175,5,TRUE,1000,301,175,1,,1000,302,175,1,,1000,,,,,1000,,,,,1000,,,,,1000,,,,,1000,,,,,1000,,,,,1000,,,,,1000
1002076,보통 스테이지76,Adventure,SHSceneCombatHarbor,보통 스테이지76,1,76,1,None,0,"1000, 1001, 1003",1000,1002077,0,507,176,5,TRUE,1000,301,176,1,,1000,302,176,1,,1000,,,,,1000,,,,,1000,,,,,1000,,,,,1000,,,,,1000,,,,,1000,,,,,1000
1002077,보통 스테이지77,Adventure,SHSceneCombatHarbor,보통 스테이지77,1,77,1,None,0,"1000, 1001, 1003",1000,1002078,0,508,177,5,TRUE,1000,301,177,1,,1000,302,177,1,,1000,,,,,1000,,,,,1000,,,,,1000,,,,,1000,,,,,1000,,,,,1000,,,,,1000
1002078,보통 스테이지78,Adventure,SHSceneCombatHarbor,보통 스테이지78,1,78,1,None,0,"1000, 1001, 1003",1000,1002079,0,509,178,5,TRUE,1000,301,178,1,,1000,302,178,1,,1000,,,,,1000,,,,,1000,,,,,1000,,,,,1000,,,,,1000,,,,,1000,,,,,1000
1002079,보통 스테이지79,Adventure,SHSceneCombatHarbor,보통 스테이지79,1,79,1,None,0,"1000, 1001, 1003",1000,1002080,0,510,179,5,TRUE,1000,301,179,1,,1000,302,179,1,,1000,,,,,1000,,,,,1000,,,,,1000,,,,,1000,,,,,1000,,,,,1000,,,,,1000
1002080,보통 스테이지80,Adventure,SHSceneCombatHarbor,보통 스테이지80,1,80,1,None,0,"1000, 1001, 1003",1000,1002081,0,703,180,5,TRUE,1000,301,180,1,,1000,302,180,1,,1000,,,,,1000,,,,,1000,,,,,1000,,,,,1000,,,,,1000,,,,,1000,,,,,1000
1002081,보통 스테이지81,Adventure,SHSceneCombatHarbor,보통 스테이지81,1,81,1,None,0,"1000, 1001, 1003",1000,1002082,0,502,181,5,TRUE,1000,301,181,1,,1000,302,181,1,,1000,,,,,1000,,,,,1000,,,,,1000,,,,,1000,,,,,1000,,,,,1000,,,,,1000
1002082,보통 스테이지82,Adventure,SHSceneCombatHarbor,보통 스테이지82,1,82,1,None,0,"1000, 1001, 1003",1000,1002083,0,503,182,5,TRUE,1000,301,182,1,,1000,302,182,1,,1000,,,,,1000,,,,,1000,,,,,1000,,,,,1000,,,,,1000,,,,,1000,,,,,1000
1002083,보통 스테이지83,Adventure,SHSceneCombatHarbor,보통 스테이지83,1,83,1,None,0,"1000, 1001, 1003",1000,1002084,0,504,183,5,TRUE,1000,301,183,1,,1000,302,183,1,,1000,,,,,1000,,,,,1000,,,,,1000,,,,,1000,,,,,1000,,,,,1000,,,,,1000
1002084,보통 스테이지84,Adventure,SHSceneCombatHarbor,보통 스테이지84,1,84,1,None,0,"1000, 1001, 1003",1000,1002085,0,505,184,5,TRUE,1000,301,184,1,,1000,302,184,1,,1000,,,,,1000,,,,,1000,,,,,1000,,,,,1000,,,,,1000,,,,,1000,,,,,1000
1002085,보통 스테이지85,Adventure,SHSceneCombatHarbor,보통 스테이지85,1,85,1,None,0,"1000, 1001, 1003",1000,1002086,0,506,185,5,TRUE,1000,301,185,1,,1000,302,185,1,,1000,,,,,1000,,,,,1000,,,,,1000,,,,,1000,,,,,1000,,,,,1000,,,,,1000
1002086,보통 스테이지86,Adventure,SHSceneCombatHarbor,보통 스테이지86,1,86,1,None,0,"1000, 1001, 1003",1000,1002087,0,507,186,5,TRUE,1000,301,186,1,,1000,302,186,1,,1000,,,,,1000,,,,,1000,,,,,1000,,,,,1000,,,,,1000,,,,,1000,,,,,1000
1002087,보통 스테이지87,Adventure,SHSceneCombatHarbor,보통 스테이지87,1,87,1,None,0,"1000, 1001, 1003",1000,1002088,0,508,187,5,TRUE,1000,301,187,1,,1000,302,187,1,,1000,,,,,1000,,,,,1000,,,,,1000,,,,,1000,,,,,1000,,,,,1000,,,,,1000
1002088,보통 스테이지88,Adventure,SHSceneCombatHarbor,보통 스테이지88,1,88,1,None,0,"1000, 1001, 1003",1000,1002089,0,509,188,5,TRUE,1000,301,188,1,,1000,302,188,1,,1000,,,,,1000,,,,,1000,,,,,1000,,,,,1000,,,,,1000,,,,,1000,,,,,1000
1002089,보통 스테이지89,Adventure,SHSceneCombatHarbor,보통 스테이지89,1,89,1,None,0,"1000, 1001, 1003",1000,1002090,0,510,189,5,TRUE,1000,301,189,1,,1000,302,189,1,,1000,,,,,1000,,,,,1000,,,,,1000,,,,,1000,,,,,1000,,,,,1000,,,,,1000
1002090,보통 스테이지90,Adventure,SHSceneCombatHarbor,보통 스테이지90,1,90,1,None,0,"1000, 1001, 1003",1000,1002091,0,704,190,5,TRUE,1000,301,190,1,,1000,302,190,1,,1000,,,,,1000,,,,,1000,,,,,1000,,,,,1000,,,,,1000,,,,,1000,,,,,1000
1002091,보통 스테이지91,Adventure,SHSceneCombatHarbor,보통 스테이지91,1,91,1,None,0,"1000, 1001, 1003",1000,1002092,0,502,191,5,TRUE,1000,301,191,1,,1000,302,191,1,,1000,,,,,1000,,,,,1000,,,,,1000,,,,,1000,,,,,1000,,,,,1000,,,,,1000
1002092,보통 스테이지92,Adventure,SHSceneCombatHarbor,보통 스테이지92,1,92,1,None,0,"1000, 1001, 1003",1000,1002093,0,503,192,5,TRUE,1000,301,192,1,,1000,302,192,1,,1000,,,,,1000,,,,,1000,,,,,1000,,,,,1000,,,,,1000,,,,,1000,,,,,1000
1002093,보통 스테이지93,Adventure,SHSceneCombatHarbor,보통 스테이지93,1,93,1,None,0,"1000, 1001, 1003",1000,1002094,0,504,193,5,TRUE,1000,301,193,1,,1000,302,193,1,,1000,,,,,1000,,,,,1000,,,,,1000,,,,,1000,,,,,1000,,,,,1000,,,,,1000
1002094,보통 스테이지94,Adventure,SHSceneCombatHarbor,보통 스테이지94,1,94,1,None,0,"1000, 1001, 1003",1000,1002095,0,505,194,5,TRUE,1000,301,194,1,,1000,302,194,1,,1000,,,,,1000,,,,,1000,,,,,1000,,,,,1000,,,,,1000,,,,,1000,,,,,1000
1002095,보통 스테이지95,Adventure,SHSceneCombatHarbor,보통 스테이지95,1,95,1,None,0,"1000, 1001, 1003",1000,1002096,0,506,195,5,TRUE,1000,301,195,1,,1000,302,195,1,,1000,,,,,1000,,,,,1000,,,,,1000,,,,,1000,,,,,1000,,,,,1000,,,,,1000
1002096,보통 스테이지96,Adventure,SHSceneCombatHarbor,보통 스테이지96,1,96,1,None,0,"1000, 1001, 1003",1000,1002097,0,507,196,5,TRUE,1000,301,196,1,,1000,302,196,1,,1000,,,,,1000,,,,,1000,,,,,1000,,,,,1000,,,,,1000,,,,,1000,,,,,1000
1002097,보통 스테이지97,Adventure,SHSceneCombatHarbor,보통 스테이지97,1,97,1,None,0,"1000, 1001, 1003",1000,1002098,0,508,197,5,TRUE,1000,301,197,1,,1000,302,197,1,,1000,,,,,1000,,,,,1000,,,,,1000,,,,,1000,,,,,1000,,,,,1000,,,,,1000
1002098,보통 스테이지98,Adventure,SHSceneCombatHarbor,보통 스테이지98,1,98,1,None,0,"1000, 1001, 1003",1000,1002099,0,509,198,5,TRUE,1000,301,198,1,,1000,302,198,1,,1000,,,,,1000,,,,,1000,,,,,1000,,,,,1000,,,,,1000,,,,,1000,,,,,1000
1002099,보통 스테이지99,Adventure,SHSceneCombatHarbor,보통 스테이지99,1,99,1,None,0,"1000, 1001, 1003",1000,1002100,0,510,199,5,TRUE,1000,301,199,1,,1000,302,199,1,,1000,,,,,1000,,,,,1000,,,,,1000,,,,,1000,,,,,1000,,,,,1000,,,,,1000
1002100,보통 스테이지100,Adventure,SHSceneCombatHarbor,보통 스테이지100,1,100,1,None,0,"1000, 1001, 1003",1000,0,0,902,200,5,TRUE,1000,301,200,1,,1000,302,200,1,,1000,,,,,1000,,,,,1000,,,,,1000,,,,,1000,,,,,1000,,,,,1000,,,,,1000
1003001,어려움 스테이지1,Adventure,SHSceneCombatHarbor,어려움 스테이지1,1,1,1,None,0,"1000, 1001, 1003",1000,1003002,0,502,201,5,TRUE,1000,301,201,1,,1000,302,201,1,,1000,,,,,1000,,,,,1000,,,,,1000,,,,,1000,,,,,1000,,,,,1000,,,,,1000
1003002,어려움 스테이지2,Adventure,SHSceneCombatHarbor,어려움 스테이지2,1,2,1,None,0,"1000, 1001, 1003",1000,1003003,0,503,202,5,TRUE,1000,301,202,1,,1000,302,202,1,,1000,,,,,1000,,,,,1000,,,,,1000,,,,,1000,,,,,1000,,,,,1000,,,,,1000
1003003,어려움 스테이지3,Adventure,SHSceneCombatHarbor,어려움 스테이지3,1,3,1,None,0,"1000, 1001, 1003",1000,1003004,0,504,203,5,TRUE,1000,301,203,1,,1000,302,203,1,,1000,,,,,1000,,,,,1000,,,,,1000,,,,,1000,,,,,1000,,,,,1000,,,,,1000
1003004,어려움 스테이지4,Adventure,SHSceneCombatHarbor,어려움 스테이지4,1,4,1,None,0,"1000, 1001, 1003",1000,1003005,0,505,204,5,TRUE,1000,301,204,1,,1000,302,204,1,,1000,,,,,1000,,,,,1000,,,,,1000,,,,,1000,,,,,1000,,,,,1000,,,,,1000
1003005,어려움 스테이지5,Adventure,SHSceneCombatHarbor,어려움 스테이지5,1,5,1,None,0,"1000, 1001, 1003",1000,1003006,0,506,205,5,TRUE,1000,301,205,1,,1000,302,205,1,,1000,,,,,1000,,,,,1000,,,,,1000,,,,,1000,,,,,1000,,,,,1000,,,,,1000
1003006,어려움 스테이지6,Adventure,SHSceneCombatHarbor,어려움 스테이지6,1,6,1,None,0,"1000, 1001, 1003",1000,1003007,0,507,206,5,TRUE,1000,301,206,1,,1000,302,206,1,,1000,,,,,1000,,,,,1000,,,,,1000,,,,,1000,,,,,1000,,,,,1000,,,,,1000
1003007,어려움 스테이지7,Adventure,SHSceneCombatHarbor,어려움 스테이지7,1,7,1,None,0,"1000, 1001, 1003",1000,1003008,0,508,207,5,TRUE,1000,301,207,1,,1000,302,207,1,,1000,,,,,1000,,,,,1000,,,,,1000,,,,,1000,,,,,1000,,,,,1000,,,,,1000
1003008,어려움 스테이지8,Adventure,SHSceneCombatHarbor,어려움 스테이지8,1,8,1,None,0,"1000, 1001, 1003",1000,1003009,0,509,208,5,TRUE,1000,301,208,1,,1000,302,208,1,,1000,,,,,1000,,,,,1000,,,,,1000,,,,,1000,,,,,1000,,,,,1000,,,,,1000
1003009,어려움 스테이지9,Adventure,SHSceneCombatHarbor,어려움 스테이지9,1,9,1,None,0,"1000, 1001, 1003",1000,1003010,0,510,209,5,TRUE,1000,301,209,1,,1000,302,209,1,,1000,,,,,1000,,,,,1000,,,,,1000,,,,,1000,,,,,1000,,,,,1000,,,,,1000
1003010,어려움 스테이지10,Adventure,SHSceneCombatHarbor,어려움 스테이지10,1,10,1,None,0,"1000, 1001, 1003",1000,1003011,0,701,210,5,TRUE,1000,301,210,1,,1000,302,210,1,,1000,,,,,1000,,,,,1000,,,,,1000,,,,,1000,,,,,1000,,,,,1000,,,,,1000
1003011,어려움 스테이지11,Adventure,SHSceneCombatHarbor,어려움 스테이지11,1,11,1,None,0,"1000, 1001, 1003",1000,1003012,0,502,211,5,TRUE,1000,301,211,1,,1000,302,211,1,,1000,,,,,1000,,,,,1000,,,,,1000,,,,,1000,,,,,1000,,,,,1000,,,,,1000
1003012,어려움 스테이지12,Adventure,SHSceneCombatHarbor,어려움 스테이지12,1,12,1,None,0,"1000, 1001, 1003",1000,1003013,0,503,212,5,TRUE,1000,301,212,1,,1000,302,212,1,,1000,,,,,1000,,,,,1000,,,,,1000,,,,,1000,,,,,1000,,,,,1000,,,,,1000
1003013,어려움 스테이지13,Adventure,SHSceneCombatHarbor,어려움 스테이지13,1,13,1,None,0,"1000, 1001, 1003",1000,1003014,0,504,213,5,TRUE,1000,301,213,1,,1000,302,213,1,,1000,,,,,1000,,,,,1000,,,,,1000,,,,,1000,,,,,1000,,,,,1000,,,,,1000
1003014,어려움 스테이지14,Adventure,SHSceneCombatHarbor,어려움 스테이지14,1,14,1,None,0,"1000, 1001, 1003",1000,1003015,0,505,214,5,TRUE,1000,301,214,1,,1000,302,214,1,,1000,,,,,1000,,,,,1000,,,,,1000,,,,,1000,,,,,1000,,,,,1000,,,,,1000
1003015,어려움 스테이지15,Adventure,SHSceneCombatHarbor,어려움 스테이지15,1,15,1,None,0,"1000, 1001, 1003",1000,1003016,0,506,215,5,TRUE,1000,301,215,1,,1000,302,215,1,,1000,,,,,1000,,,,,1000,,,,,1000,,,,,1000,,,,,1000,,,,,1000,,,,,1000
1003016,어려움 스테이지16,Adventure,SHSceneCombatHarbor,어려움 스테이지16,1,16,1,None,0,"1000, 1001, 1003",1000,1003017,0,507,216,5,TRUE,1000,301,216,1,,1000,302,216,1,,1000,,,,,1000,,,,,1000,,,,,1000,,,,,1000,,,,,1000,,,,,1000,,,,,1000
1003017,어려움 스테이지17,Adventure,SHSceneCombatHarbor,어려움 스테이지17,1,17,1,None,0,"1000, 1001, 1003",1000,1003018,0,508,217,5,TRUE,1000,301,217,1,,1000,302,217,1,,1000,,,,,1000,,,,,1000,,,,,1000,,,,,1000,,,,,1000,,,,,1000,,,,,1000
1003018,어려움 스테이지18,Adventure,SHSceneCombatHarbor,어려움 스테이지18,1,18,1,None,0,"1000, 1001, 1003",1000,1003019,0,509,218,5,TRUE,1000,301,218,1,,1000,302,218,1,,1000,,,,,1000,,,,,1000,,,,,1000,,,,,1000,,,,,1000,,,,,1000,,,,,1000
1003019,어려움 스테이지19,Adventure,SHSceneCombatHarbor,어려움 스테이지19,1,19,1,None,0,"1000, 1001, 1003",1000,1003020,0,510,219,5,TRUE,1000,301,219,1,,1000,302,219,1,,1000,,,,,1000,,,,,1000,,,,,1000,,,,,1000,,,,,1000,,,,,1000,,,,,1000
1003020,어려움 스테이지20,Adventure,SHSceneCombatHarbor,어려움 스테이지20,1,20,1,None,0,"1000, 1001, 1003",1000,1003021,0,702,220,5,TRUE,1000,301,220,1,,1000,302,220,1,,1000,,,,,1000,,,,,1000,,,,,1000,,,,,1000,,,,,1000,,,,,1000,,,,,1000
1003021,어려움 스테이지21,Adventure,SHSceneCombatHarbor,어려움 스테이지21,1,21,1,None,0,"1000, 1001, 1003",1000,1003022,0,502,221,5,TRUE,1000,301,221,1,,1000,302,221,1,,1000,,,,,1000,,,,,1000,,,,,1000,,,,,1000,,,,,1000,,,,,1000,,,,,1000
1003022,어려움 스테이지22,Adventure,SHSceneCombatHarbor,어려움 스테이지22,1,22,1,None,0,"1000, 1001, 1003",1000,1003023,0,503,222,5,TRUE,1000,301,222,1,,1000,302,222,1,,1000,,,,,1000,,,,,1000,,,,,1000,,,,,1000,,,,,1000,,,,,1000,,,,,1000
1003023,어려움 스테이지23,Adventure,SHSceneCombatHarbor,어려움 스테이지23,1,23,1,None,0,"1000, 1001, 1003",1000,1003024,0,504,223,5,TRUE,1000,301,223,1,,1000,302,223,1,,1000,,,,,1000,,,,,1000,,,,,1000,,,,,1000,,,,,1000,,,,,1000,,,,,1000
1003024,어려움 스테이지24,Adventure,SHSceneCombatHarbor,어려움 스테이지24,1,24,1,None,0,"1000, 1001, 1003",1000,1003025,0,505,224,5,TRUE,1000,301,224,1,,1000,302,224,1,,1000,,,,,1000,,,,,1000,,,,,1000,,,,,1000,,,,,1000,,,,,1000,,,,,1000
1003025,어려움 스테이지25,Adventure,SHSceneCombatHarbor,어려움 스테이지25,1,25,1,None,0,"1000, 1001, 1003",1000,1003026,0,506,225,5,TRUE,1000,301,225,1,,1000,302,225,1,,1000,,,,,1000,,,,,1000,,,,,1000,,,,,1000,,,,,1000,,,,,1000,,,,,1000
1003026,어려움 스테이지26,Adventure,SHSceneCombatHarbor,어려움 스테이지26,1,26,1,None,0,"1000, 1001, 1003",1000,1003027,0,507,226,5,TRUE,1000,301,226,1,,1000,302,226,1,,1000,,,,,1000,,,,,1000,,,,,1000,,,,,1000,,,,,1000,,,,,1000,,,,,1000
1003027,어려움 스테이지27,Adventure,SHSceneCombatHarbor,어려움 스테이지27,1,27,1,None,0,"1000, 1001, 1003",1000,1003028,0,508,227,5,TRUE,1000,301,227,1,,1000,302,227,1,,1000,,,,,1000,,,,,1000,,,,,1000,,,,,1000,,,,,1000,,,,,1000,,,,,1000
1003028,어려움 스테이지28,Adventure,SHSceneCombatHarbor,어려움 스테이지28,1,28,1,None,0,"1000, 1001, 1003",1000,1003029,0,509,228,5,TRUE,1000,301,228,1,,1000,302,228,1,,1000,,,,,1000,,,,,1000,,,,,1000,,,,,1000,,,,,1000,,,,,1000,,,,,1000
1003029,어려움 스테이지29,Adventure,SHSceneCombatHarbor,어려움 스테이지29,1,29,1,None,0,"1000, 1001, 1003",1000,1003030,0,510,229,5,TRUE,1000,301,229,1,,1000,302,229,1,,1000,,,,,1000,,,,,1000,,,,,1000,,,,,1000,,,,,1000,,,,,1000,,,,,1000
1003030,어려움 스테이지30,Adventure,SHSceneCombatHarbor,어려움 스테이지30,1,30,1,None,0,"1000, 1001, 1003",1000,1003031,0,703,230,5,TRUE,1000,301,230,1,,1000,302,230,1,,1000,,,,,1000,,,,,1000,,,,,1000,,,,,1000,,,,,1000,,,,,1000,,,,,1000
1003031,어려움 스테이지31,Adventure,SHSceneCombatHarbor,어려움 스테이지31,1,31,1,None,0,"1000, 1001, 1003",1000,1003032,0,502,231,5,TRUE,1000,301,231,1,,1000,302,231,1,,1000,,,,,1000,,,,,1000,,,,,1000,,,,,1000,,,,,1000,,,,,1000,,,,,1000
1003032,어려움 스테이지32,Adventure,SHSceneCombatHarbor,어려움 스테이지32,1,32,1,None,0,"1000, 1001, 1003",1000,1003033,0,503,232,5,TRUE,1000,301,232,1,,1000,302,232,1,,1000,,,,,1000,,,,,1000,,,,,1000,,,,,1000,,,,,1000,,,,,1000,,,,,1000
1003033,어려움 스테이지33,Adventure,SHSceneCombatHarbor,어려움 스테이지33,1,33,1,None,0,"1000, 1001, 1003",1000,1003034,0,504,233,5,TRUE,1000,301,233,1,,1000,302,233,1,,1000,,,,,1000,,,,,1000,,,,,1000,,,,,1000,,,,,1000,,,,,1000,,,,,1000
1003034,어려움 스테이지34,Adventure,SHSceneCombatHarbor,어려움 스테이지34,1,34,1,None,0,"1000, 1001, 1003",1000,1003035,0,505,234,5,TRUE,1000,301,234,1,,1000,302,234,1,,1000,,,,,1000,,,,,1000,,,,,1000,,,,,1000,,,,,1000,,,,,1000,,,,,1000
1003035,어려움 스테이지35,Adventure,SHSceneCombatHarbor,어려움 스테이지35,1,35,1,None,0,"1000, 1001, 1003",1000,1003036,0,506,235,5,TRUE,1000,301,235,1,,1000,302,235,1,,1000,,,,,1000,,,,,1000,,,,,1000,,,,,1000,,,,,1000,,,,,1000,,,,,1000
1003036,어려움 스테이지36,Adventure,SHSceneCombatHarbor,어려움 스테이지36,1,36,1,None,0,"1000, 1001, 1003",1000,1003037,0,507,236,5,TRUE,1000,301,236,1,,1000,302,236,1,,1000,,,,,1000,,,,,1000,,,,,1000,,,,,1000,,,,,1000,,,,,1000,,,,,1000
1003037,어려움 스테이지37,Adventure,SHSceneCombatHarbor,어려움 스테이지37,1,37,1,None,0,"1000, 1001, 1003",1000,1003038,0,508,237,5,TRUE,1000,301,237,1,,1000,302,237,1,,1000,,,,,1000,,,,,1000,,,,,1000,,,,,1000,,,,,1000,,,,,1000,,,,,1000
1003038,어려움 스테이지38,Adventure,SHSceneCombatHarbor,어려움 스테이지38,1,38,1,None,0,"1000, 1001, 1003",1000,1003039,0,509,238,5,TRUE,1000,301,238,1,,1000,302,238,1,,1000,,,,,1000,,,,,1000,,,,,1000,,,,,1000,,,,,1000,,,,,1000,,,,,1000
1003039,어려움 스테이지39,Adventure,SHSceneCombatHarbor,어려움 스테이지39,1,39,1,None,0,"1000, 1001, 1003",1000,1003040,0,510,239,5,TRUE,1000,301,239,1,,1000,302,239,1,,1000,,,,,1000,,,,,1000,,,,,1000,,,,,1000,,,,,1000,,,,,1000,,,,,1000
1003040,어려움 스테이지40,Adventure,SHSceneCombatHarbor,어려움 스테이지40,1,40,1,None,0,"1000, 1001, 1003",1000,1003041,0,704,240,5,TRUE,1000,301,240,1,,1000,302,240,1,,1000,,,,,1000,,,,,1000,,,,,1000,,,,,1000,,,,,1000,,,,,1000,,,,,1000
1003041,어려움 스테이지41,Adventure,SHSceneCombatHarbor,어려움 스테이지41,1,41,1,None,0,"1000, 1001, 1003",1000,1003042,0,502,241,5,TRUE,1000,301,241,1,,1000,302,241,1,,1000,,,,,1000,,,,,1000,,,,,1000,,,,,1000,,,,,1000,,,,,1000,,,,,1000
1003042,어려움 스테이지42,Adventure,SHSceneCombatHarbor,어려움 스테이지42,1,42,1,None,0,"1000, 1001, 1003",1000,1003043,0,503,242,5,TRUE,1000,301,242,1,,1000,302,242,1,,1000,,,,,1000,,,,,1000,,,,,1000,,,,,1000,,,,,1000,,,,,1000,,,,,1000
1003043,어려움 스테이지43,Adventure,SHSceneCombatHarbor,어려움 스테이지43,1,43,1,None,0,"1000, 1001, 1003",1000,1003044,0,504,243,5,TRUE,1000,301,243,1,,1000,302,243,1,,1000,,,,,1000,,,,,1000,,,,,1000,,,,,1000,,,,,1000,,,,,1000,,,,,1000
1003044,어려움 스테이지44,Adventure,SHSceneCombatHarbor,어려움 스테이지44,1,44,1,None,0,"1000, 1001, 1003",1000,1003045,0,505,244,5,TRUE,1000,301,244,1,,1000,302,244,1,,1000,,,,,1000,,,,,1000,,,,,1000,,,,,1000,,,,,1000,,,,,1000,,,,,1000
1003045,어려움 스테이지45,Adventure,SHSceneCombatHarbor,어려움 스테이지45,1,45,1,None,0,"1000, 1001, 1003",1000,1003046,0,506,245,5,TRUE,1000,301,245,1,,1000,302,245,1,,1000,,,,,1000,,,,,1000,,,,,1000,,,,,1000,,,,,1000,,,,,1000,,,,,1000
1003046,어려움 스테이지46,Adventure,SHSceneCombatHarbor,어려움 스테이지46,1,46,1,None,0,"1000, 1001, 1003",1000,1003047,0,507,246,5,TRUE,1000,301,246,1,,1000,302,246,1,,1000,,,,,1000,,,,,1000,,,,,1000,,,,,1000,,,,,1000,,,,,1000,,,,,1000
1003047,어려움 스테이지47,Adventure,SHSceneCombatHarbor,어려움 스테이지47,1,47,1,None,0,"1000, 1001, 1003",1000,1003048,0,508,247,5,TRUE,1000,301,247,1,,1000,302,247,1,,1000,,,,,1000,,,,,1000,,,,,1000,,,,,1000,,,,,1000,,,,,1000,,,,,1000
1003048,어려움 스테이지48,Adventure,SHSceneCombatHarbor,어려움 스테이지48,1,48,1,None,0,"1000, 1001, 1003",1000,1003049,0,509,248,5,TRUE,1000,301,248,1,,1000,302,248,1,,1000,,,,,1000,,,,,1000,,,,,1000,,,,,1000,,,,,1000,,,,,1000,,,,,1000
1003049,어려움 스테이지49,Adventure,SHSceneCombatHarbor,어려움 스테이지49,1,49,1,None,0,"1000, 1001, 1003",1000,1003050,0,510,249,5,TRUE,1000,301,249,1,,1000,302,249,1,,1000,,,,,1000,,,,,1000,,,,,1000,,,,,1000,,,,,1000,,,,,1000,,,,,1000
1003050,어려움 스테이지50,Adventure,SHSceneCombatHarbor,어려움 스테이지50,1,50,1,None,0,"1000, 1001, 1003",1000,1003051,0,705,250,5,TRUE,1000,301,250,1,,1000,302,250,1,,1000,,,,,1000,,,,,1000,,,,,1000,,,,,1000,,,,,1000,,,,,1000,,,,,1000
1003051,어려움 스테이지51,Adventure,SHSceneCombatHarbor,어려움 스테이지51,1,51,1,None,0,"1000, 1001, 1003",1000,1003052,0,502,251,5,TRUE,1000,301,251,1,,1000,302,251,1,,1000,,,,,1000,,,,,1000,,,,,1000,,,,,1000,,,,,1000,,,,,1000,,,,,1000
1003052,어려움 스테이지52,Adventure,SHSceneCombatHarbor,어려움 스테이지52,1,52,1,None,0,"1000, 1001, 1003",1000,1003053,0,503,252,5,TRUE,1000,301,252,1,,1000,302,252,1,,1000,,,,,1000,,,,,1000,,,,,1000,,,,,1000,,,,,1000,,,,,1000,,,,,1000
1003053,어려움 스테이지53,Adventure,SHSceneCombatHarbor,어려움 스테이지53,1,53,1,None,0,"1000, 1001, 1003",1000,1003054,0,504,253,5,TRUE,1000,301,253,1,,1000,302,253,1,,1000,,,,,1000,,,,,1000,,,,,1000,,,,,1000,,,,,1000,,,,,1000,,,,,1000
1003054,어려움 스테이지54,Adventure,SHSceneCombatHarbor,어려움 스테이지54,1,54,1,None,0,"1000, 1001, 1003",1000,1003055,0,505,254,5,TRUE,1000,301,254,1,,1000,302,254,1,,1000,,,,,1000,,,,,1000,,,,,1000,,,,,1000,,,,,1000,,,,,1000,,,,,1000
1003055,어려움 스테이지55,Adventure,SHSceneCombatHarbor,어려움 스테이지55,1,55,1,None,0,"1000, 1001, 1003",1000,1003056,0,506,255,5,TRUE,1000,301,255,1,,1000,302,255,1,,1000,,,,,1000,,,,,1000,,,,,1000,,,,,1000,,,,,1000,,,,,1000,,,,,1000
1003056,어려움 스테이지56,Adventure,SHSceneCombatHarbor,어려움 스테이지56,1,56,1,None,0,"1000, 1001, 1003",1000,1003057,0,507,256,5,TRUE,1000,301,256,1,,1000,302,256,1,,1000,,,,,1000,,,,,1000,,,,,1000,,,,,1000,,,,,1000,,,,,1000,,,,,1000
1003057,어려움 스테이지57,Adventure,SHSceneCombatHarbor,어려움 스테이지57,1,57,1,None,0,"1000, 1001, 1003",1000,1003058,0,508,257,5,TRUE,1000,301,257,1,,1000,302,257,1,,1000,,,,,1000,,,,,1000,,,,,1000,,,,,1000,,,,,1000,,,,,1000,,,,,1000
1003058,어려움 스테이지58,Adventure,SHSceneCombatHarbor,어려움 스테이지58,1,58,1,None,0,"1000, 1001, 1003",1000,1003059,0,509,258,5,TRUE,1000,301,258,1,,1000,302,258,1,,1000,,,,,1000,,,,,1000,,,,,1000,,,,,1000,,,,,1000,,,,,1000,,,,,1000
1003059,어려움 스테이지59,Adventure,SHSceneCombatHarbor,어려움 스테이지59,1,59,1,None,0,"1000, 1001, 1003",1000,1003060,0,510,259,5,TRUE,1000,301,259,1,,1000,302,259,1,,1000,,,,,1000,,,,,1000,,,,,1000,,,,,1000,,,,,1000,,,,,1000,,,,,1000
1003060,어려움 스테이지60,Adventure,SHSceneCombatHarbor,어려움 스테이지60,1,60,1,None,0,"1000, 1001, 1003",1000,1003061,0,701,260,5,TRUE,1000,301,260,1,,1000,302,260,1,,1000,,,,,1000,,,,,1000,,,,,1000,,,,,1000,,,,,1000,,,,,1000,,,,,1000
1003061,어려움 스테이지61,Adventure,SHSceneCombatHarbor,어려움 스테이지61,1,61,1,None,0,"1000, 1001, 1003",1000,1003062,0,502,261,5,TRUE,1000,301,261,1,,1000,302,261,1,,1000,,,,,1000,,,,,1000,,,,,1000,,,,,1000,,,,,1000,,,,,1000,,,,,1000
1003062,어려움 스테이지62,Adventure,SHSceneCombatHarbor,어려움 스테이지62,1,62,1,None,0,"1000, 1001, 1003",1000,1003063,0,503,262,5,TRUE,1000,301,262,1,,1000,302,262,1,,1000,,,,,1000,,,,,1000,,,,,1000,,,,,1000,,,,,1000,,,,,1000,,,,,1000
1003063,어려움 스테이지63,Adventure,SHSceneCombatHarbor,어려움 스테이지63,1,63,1,None,0,"1000, 1001, 1003",1000,1003064,0,504,263,5,TRUE,1000,301,263,1,,1000,302,263,1,,1000,,,,,1000,,,,,1000,,,,,1000,,,,,1000,,,,,1000,,,,,1000,,,,,1000
1003064,어려움 스테이지64,Adventure,SHSceneCombatHarbor,어려움 스테이지64,1,64,1,None,0,"1000, 1001, 1003",1000,1003065,0,505,264,5,TRUE,1000,301,264,1,,1000,302,264,1,,1000,,,,,1000,,,,,1000,,,,,1000,,,,,1000,,,,,1000,,,,,1000,,,,,1000
1003065,어려움 스테이지65,Adventure,SHSceneCombatHarbor,어려움 스테이지65,1,65,1,None,0,"1000, 1001, 1003",1000,1003066,0,506,265,5,TRUE,1000,301,265,1,,1000,302,265,1,,1000,,,,,1000,,,,,1000,,,,,1000,,,,,1000,,,,,1000,,,,,1000,,,,,1000
1003066,어려움 스테이지66,Adventure,SHSceneCombatHarbor,어려움 스테이지66,1,66,1,None,0,"1000, 1001, 1003",1000,1003067,0,507,266,5,TRUE,1000,301,266,1,,1000,302,266,1,,1000,,,,,1000,,,,,1000,,,,,1000,,,,,1000,,,,,1000,,,,,1000,,,,,1000
1003067,어려움 스테이지67,Adventure,SHSceneCombatHarbor,어려움 스테이지67,1,67,1,None,0,"1000, 1001, 1003",1000,1003068,0,508,267,5,TRUE,1000,301,267,1,,1000,302,267,1,,1000,,,,,1000,,,,,1000,,,,,1000,,,,,1000,,,,,1000,,,,,1000,,,,,1000
1003068,어려움 스테이지68,Adventure,SHSceneCombatHarbor,어려움 스테이지68,1,68,1,None,0,"1000, 1001, 1003",1000,1003069,0,509,268,5,TRUE,1000,301,268,1,,1000,302,268,1,,1000,,,,,1000,,,,,1000,,,,,1000,,,,,1000,,,,,1000,,,,,1000,,,,,1000
1003069,어려움 스테이지69,Adventure,SHSceneCombatHarbor,어려움 스테이지69,1,69,1,None,0,"1000, 1001, 1003",1000,1003070,0,510,269,5,TRUE,1000,301,269,1,,1000,302,269,1,,1000,,,,,1000,,,,,1000,,,,,1000,,,,,1000,,,,,1000,,,,,1000,,,,,1000
1003070,어려움 스테이지70,Adventure,SHSceneCombatHarbor,어려움 스테이지70,1,70,1,None,0,"1000, 1001, 1003",1000,1003071,0,702,270,5,TRUE,1000,301,270,1,,1000,302,270,1,,1000,,,,,1000,,,,,1000,,,,,1000,,,,,1000,,,,,1000,,,,,1000,,,,,1000
1003071,어려움 스테이지71,Adventure,SHSceneCombatHarbor,어려움 스테이지71,1,71,1,None,0,"1000, 1001, 1003",1000,1003072,0,502,271,5,TRUE,1000,301,271,1,,1000,302,271,1,,1000,,,,,1000,,,,,1000,,,,,1000,,,,,1000,,,,,1000,,,,,1000,,,,,1000
1003072,어려움 스테이지72,Adventure,SHSceneCombatHarbor,어려움 스테이지72,1,72,1,None,0,"1000, 1001, 1003",1000,1003073,0,503,272,5,TRUE,1000,301,272,1,,1000,302,272,1,,1000,,,,,1000,,,,,1000,,,,,1000,,,,,1000,,,,,1000,,,,,1000,,,,,1000
1003073,어려움 스테이지73,Adventure,SHSceneCombatHarbor,어려움 스테이지73,1,73,1,None,0,"1000, 1001, 1003",1000,1003074,0,504,273,5,TRUE,1000,301,273,1,,1000,302,273,1,,1000,,,,,1000,,,,,1000,,,,,1000,,,,,1000,,,,,1000,,,,,1000,,,,,1000
1003074,어려움 스테이지74,Adventure,SHSceneCombatHarbor,어려움 스테이지74,1,74,1,None,0,"1000, 1001, 1003",1000,1003075,0,505,274,5,TRUE,1000,301,274,1,,1000,302,274,1,,1000,,,,,1000,,,,,1000,,,,,1000,,,,,1000,,,,,1000,,,,,1000,,,,,1000
1003075,어려움 스테이지75,Adventure,SHSceneCombatHarbor,어려움 스테이지75,1,75,1,None,0,"1000, 1001, 1003",1000,1003076,0,506,275,5,TRUE,1000,301,275,1,,1000,302,275,1,,1000,,,,,1000,,,,,1000,,,,,1000,,,,,1000,,,,,1000,,,,,1000,,,,,1000
1003076,어려움 스테이지76,Adventure,SHSceneCombatHarbor,어려움 스테이지76,1,76,1,None,0,"1000, 1001, 1003",1000,1003077,0,507,276,5,TRUE,1000,301,276,1,,1000,302,276,1,,1000,,,,,1000,,,,,1000,,,,,1000,,,,,1000,,,,,1000,,,,,1000,,,,,1000
1003077,어려움 스테이지77,Adventure,SHSceneCombatHarbor,어려움 스테이지77,1,77,1,None,0,"1000, 1001, 1003",1000,1003078,0,508,277,5,TRUE,1000,301,277,1,,1000,302,277,1,,1000,,,,,1000,,,,,1000,,,,,1000,,,,,1000,,,,,1000,,,,,1000,,,,,1000
1003078,어려움 스테이지78,Adventure,SHSceneCombatHarbor,어려움 스테이지78,1,78,1,None,0,"1000, 1001, 1003",1000,1003079,0,509,278,5,TRUE,1000,301,278,1,,1000,302,278,1,,1000,,,,,1000,,,,,1000,,,,,1000,,,,,1000,,,,,1000,,,,,1000,,,,,1000
1003079,어려움 스테이지79,Adventure,SHSceneCombatHarbor,어려움 스테이지79,1,79,1,None,0,"1000, 1001, 1003",1000,1003080,0,510,279,5,TRUE,1000,301,279,1,,1000,302,279,1,,1000,,,,,1000,,,,,1000,,,,,1000,,,,,1000,,,,,1000,,,,,1000,,,,,1000
1003080,어려움 스테이지80,Adventure,SHSceneCombatHarbor,어려움 스테이지80,1,80,1,None,0,"1000, 1001, 1003",1000,1003081,0,703,280,5,TRUE,1000,301,280,1,,1000,302,280,1,,1000,,,,,1000,,,,,1000,,,,,1000,,,,,1000,,,,,1000,,,,,1000,,,,,1000
1003081,어려움 스테이지81,Adventure,SHSceneCombatHarbor,어려움 스테이지81,1,81,1,None,0,"1000, 1001, 1003",1000,1003082,0,502,281,5,TRUE,1000,301,281,1,,1000,302,281,1,,1000,,,,,1000,,,,,1000,,,,,1000,,,,,1000,,,,,1000,,,,,1000,,,,,1000
1003082,어려움 스테이지82,Adventure,SHSceneCombatHarbor,어려움 스테이지82,1,82,1,None,0,"1000, 1001, 1003",1000,1003083,0,503,282,5,TRUE,1000,301,282,1,,1000,302,282,1,,1000,,,,,1000,,,,,1000,,,,,1000,,,,,1000,,,,,1000,,,,,1000,,,,,1000
1003083,어려움 스테이지83,Adventure,SHSceneCombatHarbor,어려움 스테이지83,1,83,1,None,0,"1000, 1001, 1003",1000,1003084,0,504,283,5,TRUE,1000,301,283,1,,1000,302,283,1,,1000,,,,,1000,,,,,1000,,,,,1000,,,,,1000,,,,,1000,,,,,1000,,,,,1000
1003084,어려움 스테이지84,Adventure,SHSceneCombatHarbor,어려움 스테이지84,1,84,1,None,0,"1000, 1001, 1003",1000,1003085,0,505,284,5,TRUE,1000,301,284,1,,1000,302,284,1,,1000,,,,,1000,,,,,1000,,,,,1000,,,,,1000,,,,,1000,,,,,1000,,,,,1000
1003085,어려움 스테이지85,Adventure,SHSceneCombatHarbor,어려움 스테이지85,1,85,1,None,0,"1000, 1001, 1003",1000,1003086,0,506,285,5,TRUE,1000,301,285,1,,1000,302,285,1,,1000,,,,,1000,,,,,1000,,,,,1000,,,,,1000,,,,,1000,,,,,1000,,,,,1000
1003086,어려움 스테이지86,Adventure,SHSceneCombatHarbor,어려움 스테이지86,1,86,1,None,0,"1000, 1001, 1003",1000,1003087,0,507,286,5,TRUE,1000,301,286,1,,1000,302,286,1,,1000,,,,,1000,,,,,1000,,,,,1000,,,,,1000,,,,,1000,,,,,1000,,,,,1000
1003087,어려움 스테이지87,Adventure,SHSceneCombatHarbor,어려움 스테이지87,1,87,1,None,0,"1000, 1001, 1003",1000,1003088,0,508,287,5,TRUE,1000,301,287,1,,1000,302,287,1,,1000,,,,,1000,,,,,1000,,,,,1000,,,,,1000,,,,,1000,,,,,1000,,,,,1000
1003088,어려움 스테이지88,Adventure,SHSceneCombatHarbor,어려움 스테이지88,1,88,1,None,0,"1000, 1001, 1003",1000,1003089,0,509,288,5,TRUE,1000,301,288,1,,1000,302,288,1,,1000,,,,,1000,,,,,1000,,,,,1000,,,,,1000,,,,,1000,,,,,1000,,,,,1000
1003089,어려움 스테이지89,Adventure,SHSceneCombatHarbor,어려움 스테이지89,1,89,1,None,0,"1000, 1001, 1003",1000,1003090,0,510,289,5,TRUE,1000,301,289,1,,1000,302,289,1,,1000,,,,,1000,,,,,1000,,,,,1000,,,,,1000,,,,,1000,,,,,1000,,,,,1000
1003090,어려움 스테이지90,Adventure,SHSceneCombatHarbor,어려움 스테이지90,1,90,1,None,0,"1000, 1001, 1003",1000,1003091,0,704,290,5,TRUE,1000,301,290,1,,1000,302,290,1,,1000,,,,,1000,,,,,1000,,,,,1000,,,,,1000,,,,,1000,,,,,1000,,,,,1000
1003091,어려움 스테이지91,Adventure,SHSceneCombatHarbor,어려움 스테이지91,1,91,1,None,0,"1000, 1001, 1003",1000,1003092,0,502,291,5,TRUE,1000,301,291,1,,1000,302,291,1,,1000,,,,,1000,,,,,1000,,,,,1000,,,,,1000,,,,,1000,,,,,1000,,,,,1000
1003092,어려움 스테이지92,Adventure,SHSceneCombatHarbor,어려움 스테이지92,1,92,1,None,0,"1000, 1001, 1003",1000,1003093,0,503,292,5,TRUE,1000,301,292,1,,1000,302,292,1,,1000,,,,,1000,,,,,1000,,,,,1000,,,,,1000,,,,,1000,,,,,1000,,,,,1000
1003093,어려움 스테이지93,Adventure,SHSceneCombatHarbor,어려움 스테이지93,1,93,1,None,0,"1000, 1001, 1003",1000,1003094,0,504,293,5,TRUE,1000,301,293,1,,1000,302,293,1,,1000,,,,,1000,,,,,1000,,,,,1000,,,,,1000,,,,,1000,,,,,1000,,,,,1000
1003094,어려움 스테이지94,Adventure,SHSceneCombatHarbor,어려움 스테이지94,1,94,1,None,0,"1000, 1001, 1003",1000,1003095,0,505,294,5,TRUE,1000,301,294,1,,1000,302,294,1,,1000,,,,,1000,,,,,1000,,,,,1000,,,,,1000,,,,,1000,,,,,1000,,,,,1000
1003095,어려움 스테이지95,Adventure,SHSceneCombatHarbor,어려움 스테이지95,1,95,1,None,0,"1000, 1001, 1003",1000,1003096,0,506,295,5,TRUE,1000,301,295,1,,1000,302,295,1,,1000,,,,,1000,,,,,1000,,,,,1000,,,,,1000,,,,,1000,,,,,1000,,,,,1000
1003096,어려움 스테이지96,Adventure,SHSceneCombatHarbor,어려움 스테이지96,1,96,1,None,0,"1000, 1001, 1003",1000,1003097,0,507,296,5,TRUE,1000,301,296,1,,1000,302,296,1,,1000,,,,,1000,,,,,1000,,,,,1000,,,,,1000,,,,,1000,,,,,1000,,,,,1000
1003097,어려움 스테이지97,Adventure,SHSceneCombatHarbor,어려움 스테이지97,1,97,1,None,0,"1000, 1001, 1003",1000,1003098,0,508,297,5,TRUE,1000,301,297,1,,1000,302,297,1,,1000,,,,,1000,,,,,1000,,,,,1000,,,,,1000,,,,,1000,,,,,1000,,,,,1000
1003098,어려움 스테이지98,Adventure,SHSceneCombatHarbor,어려움 스테이지98,1,98,1,None,0,"1000, 1001, 1003",1000,1003099,0,509,298,5,TRUE,1000,301,298,1,,1000,302,298,1,,1000,,,,,1000,,,,,1000,,,,,1000,,,,,1000,,,,,1000,,,,,1000,,,,,1000
1003099,어려움 스테이지99,Adventure,SHSceneCombatHarbor,어려움 스테이지99,1,99,1,None,0,"1000, 1001, 1003",1000,1003100,0,510,299,5,TRUE,1000,301,299,1,,1000,302,299,1,,1000,,,,,1000,,,,,1000,,,,,1000,,,,,1000,,,,,1000,,,,,1000,,,,,1000
1003100,어려움 스테이지100,Adventure,SHSceneCombatHarbor,어려움 스테이지100,1,100,1,None,0,"1000, 1001, 1003",1000,0,0,901,300,5,TRUE,1000,301,300,1,,1000,302,300,1,,1000,,,,,1000,,,,,1000,,,,,1000,,,,,1000,,,,,1000,,,,,1000,,,,,1000
